subj_idx,group,rt,response
manit,ADHD,21.1218126001767,1
manit,ADHD,1.7080584000796,1
manit,ADHD,0.32318259961903,1
manit,ADHD,0.568277699872851,0
manit,ADHD,4.80703940009698,0
manit,ADHD,1.1277840998955,0
manit,ADHD,6.338378299959,0
manit,ADHD,0.534029300324618,1
harshit,Normal,7.99342669999168,1
harshit,Normal,2.94190950000484,0
harshit,Normal,1.42709859999013,1
harshit,Normal,0.249041199989733,0
harshit,Normal,0.987446700004511,0
harshit,Normal,3.01396890000614,0
harshit,Normal,0.857082599992281,0
harshit,Normal,1.50852299999678,0
aditya,ADHD,7.07809300022199,1
aditya,ADHD,7.34146359981969,0
aditya,ADHD,11.5816028001718,0
aditya,ADHD,2.2093842998147,0
aditya,ADHD,9.79723870009183,0
aditya,ADHD,6.17322210036218,0
aditya,ADHD,0.844096899963915,1
amrit(C),ADHD,4.04445859999395,0
amrit(C),ADHD,2.48116640001535,1
amrit(C),ADHD,21.2157940999604,0
amrit(C),ADHD,1.78140659991186,0
amrit(C),ADHD,2.13275270001031,1
amrit(C),ADHD,3.55665709997992,1
amrit(C),ADHD,0.941092099994421,0
amrit(C),ADHD,0.673575000022538,1
amrit raj,Normal,2.47812529979273,1
amrit raj,Normal,0.920725500211119,1
amrit raj,Normal,0.415955599863082,1
amrit raj,Normal,1.90598599985241,1
amrit raj,Normal,0.270189699716866,1
amrit raj,Normal,0.720852499827742,1
amrit raj,Normal,0.397805099841207,1
amrit raj,Normal,1.06383140012621,0
ansh(C),ADHD,5.02955670002847,1
ansh(C),ADHD,2.93710590014234,1
ansh(C),ADHD,0.991094599943608,1
ansh(C),ADHD,2.16387849999591,1
ansh(C),ADHD,6.3702785000205,0
ansh(C),ADHD,4.35287930001504,0
ansh(C),ADHD,1.26775539992377,1
ansh(C),ADHD,1.40324160014279,1
avaesh,Normal,2.29713110000011,0
avaesh,Normal,2.85082939997664,0
avaesh,Normal,0.358226899988949,0
avaesh,Normal,0.230213000002549,0
avaesh,Normal,1.40420000001904,0
avaesh,Normal,0.309427900006994,0
avaesh,Normal,0.5703080999956,0
avaesh,Normal,0.455010400008177,0
dhoni,Normal,2.46112330001778,1
dhoni,Normal,2.47889080000459,1
dhoni,Normal,2.35263660000055,1
dhoni,Normal,2.36438729998189,0
dhoni,Normal,2.49983389998669,0
dhoni,Normal,1.71905809998861,0
dhoni,Normal,1.73832309999852,0
dhoni,Normal,0.793296999996528,0
divit,ADHD,1.01083920011296,0
divit,ADHD,1.76841219980269,0
divit,ADHD,0.8388337995857,1
divit,ADHD,1.7919851001352,0
divit,ADHD,1.28070660028606,1
divit,ADHD,0.952701600268483,1
divit,ADHD,1.40102849993854,1
divit,ADHD,1.34828649973496,0
divyansh,Normal,1.92923449998488,1
divyansh,Normal,2.3587498999841,1
divyansh,Normal,0.36932909997995,1
divyansh,Normal,0.50712699998985,1
divyansh,Normal,0.629925599991111,1
divyansh,Normal,0.293255500000668,1
divyansh,Normal,0.635031299985712,1
divyansh,Normal,0.78768820001278,1
goranshi ,Normal,4.38280820002546,1
goranshi ,Normal,0.534462000010535,1
goranshi ,Normal,5.59312820000923,0
goranshi ,Normal,5.53347990001202,0
goranshi ,Normal,0.599455900024622,1
goranshi ,Normal,6.95435499999439,0
goranshi ,Normal,0.281957500003045,1
govind kumar (C),Normal,1.51110380000318,0
govind kumar (C),Normal,0.28466939998907,1
govind kumar (C),Normal,0.324477799993474,1
govind kumar (C),Normal,0.767380400007823,1
govind kumar (C),Normal,0.490145399991888,1
govind kumar (C),Normal,6.67567500000586,1
govind kumar (C),Normal,0.417827099998248,1
govind kumar (C),Normal,2.32661350001581,0
harimohan,Normal,2.15266670007258,0
harimohan,Normal,1.16152649978175,1
harimohan,Normal,0.364990499801933,0
harimohan,Normal,4.09987580031156,1
harimohan,Normal,2.50194500014185,1
harimohan,Normal,1.52767190011218,1
harimohan,Normal,1.46741309994831,1
harimohan,Normal,3.51665360014885,0
harshit kumar 2,Normal,1.72511339999618,1
harshit kumar 2,Normal,8.86476410001341,0
harshit kumar 2,Normal,1.6726675999962,1
harshit kumar 2,Normal,1.07547670000349,1
harshit kumar 2,Normal,5.02414039999712,1
harshit kumar 2,Normal,0.776612000001478,1
harshit kumar 2,Normal,3.13633019999542,1
harshit kumar 2,Normal,2.123213999992,0
naitik,ADHD,1.9960626999964,1
naitik,ADHD,2.44360210001468,0
naitik,ADHD,1.32200220000231,1
naitik,ADHD,0.927104699949268,0
naitik,ADHD,0.820542600005865,1
naitik,ADHD,0.338646800024434,0
naitik,ADHD,0.447887999995145,1
naitik,ADHD,6.9735402999795,0
himanshu,Normal,4.81181440000364,0
himanshu,Normal,0.255599600001005,1
himanshu,Normal,3.41135690000373,0
himanshu,Normal,0.645202400002745,1
himanshu,Normal,0.810530400005518,1
himanshu,Normal,1.41234360000817,1
himanshu,Normal,3.59673059999477,0
himanshu,Normal,1.06320709999999,1
dhruv,Normal,3.82464079977944,0
dhruv,Normal,0.283202700316906,1
dhruv,Normal,2.38203459978103,0
dhruv,Normal,3.57192240003496,0
dhruv,Normal,0.778085400350391,0
dhruv,Normal,0.78234970010817,1
dhruv,Normal,0.244515700265765,1
dhruv,Normal,1.3498275000602,1
jayant,Normal,0.238784699999087,0
jayant,Normal,0.556659800000488,1
jayant,Normal,1.0460427999933,1
jayant,Normal,0.683572199995978,1
jayant,Normal,0.429956499996478,1
jayant,Normal,0.316426400000636,1
jayant,Normal,0.334203799997339,0
jayant,Normal,0.390231199999107,1
kanishk,Normal,1.39628109999466,1
kanishk,Normal,2.46011549999821,1
kanishk,Normal,0.357632799990824,1
kanishk,Normal,1.42328250000718,0
kanishk,Normal,0.205763599995407,1
kanishk,Normal,10.8296384999994,0
kanishk,Normal,4.92702430000645,0
kanishk,Normal,4.42074590000265,0
karuna clinical hy,ADHD,4.11656410002615,1
karuna clinical hy,ADHD,2.04204189998563,0
karuna clinical hy,ADHD,42.6598128000041,1
karuna clinical hy,ADHD,4.87553550000302,0
karuna clinical hy,ADHD,14.0317261999007,1
karuna clinical hy,ADHD,5.4360567999538,0
karuna clinical hy,ADHD,11.1912226999411,0
karuna clinical hy,ADHD,9.31467880005948,0
kavya,ADHD,3.05304709961637,0
kavya,ADHD,2.1323810997419,1
kavya,ADHD,4.10751360002905,1
kavya,ADHD,1.46196730015799,1
kavya,ADHD,0.778988500125706,1
kavya,ADHD,1.9506359999068,0
kavya,ADHD,2.20968030020594,0
kavya,ADHD,0.339504600036889,1
khushboo pahuja(C),Normal,0.625931699993088,1
khushboo pahuja(C),Normal,0.768460699939169,0
khushboo pahuja(C),Normal,0.398034999961964,1
khushboo pahuja(C),Normal,0.5250755000161,1
khushboo pahuja(C),Normal,0.315494299982674,1
khushboo pahuja(C),Normal,7.37524299998767,0
khushboo pahuja(C),Normal,0.649580399971455,0
khushboo pahuja(C),Normal,2.95732140005566,1
kosar,ADHD,36.7603448997251,0
kosar,ADHD,191.841461800038,0
kosar,ADHD,147.558269400149,0
kosar,ADHD,65.3029852001927,0
kosar,ADHD,2.06558699999004,0
kosar,ADHD,0.942520000040531,1
kosar,ADHD,0.684383200015872,0
kosar,ADHD,3.71289440011605,1
laxmi,Normal,5.72676459999638,0
laxmi,Normal,2.218953100004,0
laxmi,Normal,1.35763189999852,1
laxmi,Normal,4.92447619998711,0
laxmi,Normal,5.12346279999474,0
laxmi,Normal,6.68046889999823,0
laxmi,Normal,1.28174199999193,1
laxmi,Normal,2.35041959999944,1
manav,Normal,15.5100722000934,0
manav,Normal,2.45234919991344,1
manav,Normal,2.26416539959609,0
manav,Normal,0.253577299881726,1
manav,Normal,0.634933299850672,1
manav,Normal,1.34666809998452,0
manav,Normal,0.388783399946987,1
manav,Normal,0.44466200005263,1
manish,Normal,5.06855340000765,1
manish,Normal,0.409203500006697,0
manish,Normal,0.171855000007781,1
manish,Normal,2.91371900000376,1
manish,Normal,13.4284008000104,0
manish,Normal,5.31484300000011,1
manish,Normal,4.11492390000785,0
manish,Normal,1.43080400000326,1
mayank adhd,ADHD,1.3348654997535,1
mayank adhd,ADHD,0.476478700060397,1
mayank adhd,ADHD,4.53297819988802,0
mayank adhd,ADHD,3.54032699996605,0
mayank adhd,ADHD,4.03405919997021,0
mayank adhd,ADHD,1.13818009989336,0
mayank adhd,ADHD,5.33954120008274,0
mayank adhd,ADHD,1.68128330027684,1
nishant,Normal,0.456934199988609,1
nishant,Normal,0.850701000003027,0
nishant,Normal,0.627788099998724,1
nishant,Normal,2.58616570000594,0
nishant,Normal,0.400141199992503,1
nishant,Normal,4.14140870000119,1
nishant,Normal,0.457648600000538,1
nishant,Normal,0.56361489999108,1
prayaag,ADHD,8.69437250000191,0
prayaag,ADHD,5.67927130000316,0
prayaag,ADHD,4.57232549999025,0
prayaag,ADHD,1.31650100002298,0
prayaag,ADHD,1.80740590000641,0
prayaag,ADHD,1.23916229998576,1
prayaag,ADHD,0.502331299998331,1
prayaag,ADHD,2.0163915999874,0
preet,Normal,0.252929400186985,1
preet,Normal,6.32081640046089,1
preet,Normal,0.208071100059896,1
preet,Normal,0.311639199964702,1
preet,Normal,1.05200930032879,1
preet,Normal,0.95088250003755,1
preet,Normal,1.25111069995909,0
preet,Normal,2.8307340000756,0
sagar,ADHD,2.841579800006,0
sagar,ADHD,4.55262939992826,1
sagar,ADHD,9.12465099990367,1
sagar,ADHD,13.4857671000063,1
sagar,ADHD,84.0505372999468,1
sagar,ADHD,2.09949620009865,0
sagar,ADHD,3.24605049996171,1
sagar,ADHD,6.20227149990387,1
sahil,ADHD,10.8358709998428,1
sahil,ADHD,0.826082999818027,1
sahil,ADHD,0.343208699952811,1
sahil,ADHD,1.15518979961052,1
sahil,ADHD,0.629030999727547,1
sahil,ADHD,0.221116699744015,0
sahil,ADHD,0.269323700107634,1
sahil,ADHD,3.32399340020492,0
sandeep,Normal,8.86020899999857,0
sandeep,Normal,1.51697620000049,1
sandeep,Normal,2.71890719999646,0
sandeep,Normal,0.577211300005728,1
sandeep,Normal,0.326504099997691,1
sandeep,Normal,0.431767699999909,1
sandeep,Normal,0.703986200001963,1
sandeep,Normal,0.606324599997606,1
sidak,Normal,7.23885209998115,0
sidak,Normal,0.355126800015568,1
sidak,Normal,0.259303099941462,0
sidak,Normal,0.234812499955296,1
sidak,Normal,0.23465280001983,1
sidak,Normal,0.202534900046885,1
sidak,Normal,0.392557200044393,0
sidak,Normal,0.408709899988025,1
simran(C),Normal,4.83198620000621,0
simran(C),Normal,1.37115669995546,1
simran(C),Normal,6.1168857999728,0
simran(C),Normal,12.3154040999943,1
simran(C),Normal,6.83018870005616,1
simran(C),Normal,0.458478800021111,1
simran(C),Normal,2.13160329998936,1
simran(C),Normal,0.601525900012347,0
suryansh,Autism,1.18952260026708,1
suryansh,Autism,2.12223380012437,0
suryansh,Autism,0.715016500093042,1
suryansh,Autism,9.80503789987415,1
suryansh,Autism,4.87704000016674,0
suryansh,Autism,3.58492390019819,0
suryansh,Autism,1.7129386998713,1
sweecha,Normal,1.69363200000225,1
sweecha,Normal,7.69756350000534,0
sweecha,Normal,5.79699429999891,1
sweecha,Normal,1.74084240000229,1
sweecha,Normal,2.77211710000119,0
sweecha,Normal,2.38178129999869,1
sweecha,Normal,3.80303889999777,0
sweecha,Normal,6.61237909999908,0
tanishq chauhan,Normal,2.65894249998382,1
tanishq chauhan,Normal,7.4183377000154,1
tanishq chauhan,Normal,1.34917380000115,1
tanishq chauhan,Normal,1.81670670001767,1
tanishq chauhan,Normal,1.9871399999829,1
tanishq chauhan,Normal,0.573358699999516,1
tanishq chauhan,Normal,6.53938790000393,1
tanishq chauhan,Normal,0.465659400011645,1
vedant (c),ADHD,2.31990010000299,0
vedant (c),ADHD,11.7094049000006,0
vedant (c),ADHD,6.89654940000036,0
vedant (c),ADHD,4.21141769998939,0
vedant (c),ADHD,5.3634819999861,0
vedant (c),ADHD,3.71023950001108,0
vedant (c),ADHD,2.59139370001503,0
vedant (c),ADHD,13.0008865999989,1
vidhi pahuja,Normal,1.18865159997949,0
vidhi pahuja,Normal,1.05052160000195,1
vidhi pahuja,Normal,0.397359599999617,1
vidhi pahuja,Normal,0.552318800007924,0
vidhi pahuja,Normal,3.37798660001135,1
vidhi pahuja,Normal,0.329567300010239,1
vidhi pahuja,Normal,9.46621710000909,0
vidhi pahuja,Normal,2.11323800001991,1
jainam,ADHD,1.44790890021249,1
jainam,ADHD,0.761625600047409,1
jainam,ADHD,2.31570470007136,1
jainam,ADHD,5.2451688000001,0
jainam,ADHD,1.64236259972676,0
jainam,ADHD,1.46158890007063,1
jainam,ADHD,0.329664499964565,0
jainam,ADHD,3.87363209994509,0
hitanshi,ADHD,2.08190799970179,1
hitanshi,ADHD,1.87406529998406,0
hitanshi,ADHD,1.06842900021001,1
hitanshi,ADHD,6.74337249994277,0
hitanshi,ADHD,1.44616759987548,1
hitanshi,ADHD,0.765370300039649,1
hitanshi,ADHD,1.91243059979751,0
hitanshi,ADHD,6.70883270027115,0
benedict,ADHD,2.21275989990681,0
benedict,ADHD,0.894747999962419,1
benedict,ADHD,3.48063780041411,1
benedict,ADHD,4.0459318999201,1
benedict,ADHD,0.293142699636518,1
benedict,ADHD,4.67425089981406,0
benedict,ADHD,1.37111910013481,1
parth,ADHD,5.74141989974305,1
parth,ADHD,4.75240779994055,0
parth,ADHD,2.86346049979329,1
parth,ADHD,18.0112087000161,1
parth,ADHD,0.493033300153911,1
parth,ADHD,3.72503030020743,1
parth,ADHD,2.67089239973574,1
vivaan,ADHD,0.405726800207048,1
vivaan,ADHD,0.611392799764871,1
vivaan,ADHD,3.90272310003638,0
vivaan,ADHD,2.09806910017505,1
vivaan,ADHD,0.341016900260001,1
vivaan,ADHD,0.246917800046503,1
vivaan,ADHD,0.233544500079005,1
vivaan,ADHD,0.404137899633497,1
harsh vardhan,Normal,1.92093660030514,1
harsh vardhan,Normal,0.531364200171083,1
harsh vardhan,Normal,5.87086489982903,0
harsh vardhan,Normal,7.89790199976414,0
harsh vardhan,Normal,1.13663130020722,1
harsh vardhan,Normal,0.504627099726349,1
harsh vardhan,Normal,2.33113189972937,1
harsh vardhan,Normal,0.220729399938136,1
jos,ADHD,0.505437400192022,1
jos,ADHD,3.14926169998943,1
jos,ADHD,2.74516519997268,0
jos,ADHD,7.43719860026612,0
jos,ADHD,1.252401500009,0
jos,ADHD,0.106088100001215,1
jos,ADHD,0.856856200378388,1
jos,ADHD,0.588671799749136,1
Johan,ADHD,1.77470570011064,0
Johan,ADHD,0.127008299808949,1
Johan,ADHD,3.3157080002129,1
Johan,ADHD,0.127210999839007,1
Johan,ADHD,2.17217769986018,0
Johan,ADHD,2.47968500014394,1
prisha,ADHD,0.281449100002646,1
prisha,ADHD,2.46605940000154,0
prisha,ADHD,3.97486219997517,0
prisha,ADHD,4.16891209990717,1
prisha,ADHD,0.351949699921533,0
prisha,ADHD,3.55768730002455,0
prisha,ADHD,1.28301509993616,0
prisha,ADHD,0.657736100023612,1
anbu,ADHD,3.43590749998111,1
anbu,ADHD,2.46782949997577,1
anbu,ADHD,0.505892800050787,1
anbu,ADHD,2.94729649997316,1
anbu,ADHD,0.443869599956087,1
anbu,ADHD,4.57480129995383,1
anbu,ADHD,2.37901050003711,1
anbu,ADHD,8.54992450005374,0
aayan,ADHD,0.492829200113192,1
aayan,ADHD,1.57837740005925,0
aayan,ADHD,14.1314509001094,0
aayan,ADHD,3.4192065000534,1
aayan,ADHD,1.21847329987213,1
aayan,ADHD,1.53319379989989,1
aayan,ADHD,0.71048739994876,1
anamik,ADHD,1.48742889985442,1
anamik,ADHD,1.81653279997408,1
anamik,ADHD,2.27323779999278,0
anamik,ADHD,2.56404139986261,1
anamik,ADHD,2.08589349989779,0
anamik,ADHD,1.60107659990899,1
anamik,ADHD,1.92492039990611,0
anamik,ADHD,1.57529030018486,1
naishita,ADHD,1.13484130008146,1
naishita,ADHD,0.254547999938949,1
naishita,ADHD,21.870646999916,1
naishita,ADHD,0.782941400073468,1
naishita,ADHD,1.30899509997107,0
naishita,ADHD,20.0586027998942,1
naishita,ADHD,0.265072099864482,0
avyaan,ADHD,0.973345899954438,1
avyaan,ADHD,0.270810900023207,1
avyaan,ADHD,0.333747200202196,1
avyaan,ADHD,0.636735199950635,1
avyaan,ADHD,0.341112199937924,1
avyaan,ADHD,6.64689449989236,1
avyaan,ADHD,4.40435319999232,1
avyaan,ADHD,1.28655209997668,1
anshika,ADHD,1.41469090012833,1
anshika,ADHD,0.219533399911597,1
anshika,ADHD,1.77841029991395,1
anshika,ADHD,0.350506200222298,1
anshika,ADHD,0.54966520005837,0
anshika,ADHD,0.509081199998036,0
anshika,ADHD,0.306903599994257,1
anshika,ADHD,11.8939580000005,0
akanksha,ADHD,0.661175299901515,1
akanksha,ADHD,2.17298840009607,1
akanksha,ADHD,0.279491599882021,0
akanksha,ADHD,0.238584300037473,1
akanksha,ADHD,6.08334560017101,0
akanksha,ADHD,4.60012550000101,0
akanksha,ADHD,13.4838972999714,0
akanksha,ADHD,2.31159040005877,0
arin,ADHD,1.6749404000584,1
arin,ADHD,1.33887710003182,1
arin,ADHD,1.75577579997479,1
arin,ADHD,0.487603100016713,1
arin,ADHD,5.74860469996929,0
arin,ADHD,14.6402680999599,0
arin,ADHD,1.27749469992704,1
arin,ADHD,0.850472099846229,1
meha,Normal,1.44624149985611,1
meha,Normal,2.19596339995041,1
meha,Normal,1.67838379996828,0
meha,Normal,6.48869559983722,0
meha,Normal,1.45562830008566,0
meha,Normal,0.459747599903494,0
meha,Normal,0.431023600045591,1
meha,Normal,0.271373700117692,1
aarav continua,ADHD,3.19959920016117,0
aarav continua,ADHD,0.446979000000283,1
aarav continua,ADHD,1.02727900003083,1
aarav continua,ADHD,1.16693429998122,1
aarav continua,ADHD,0.710798799991607,0
aarav continua,ADHD,0.402980499900877,1
aarav continua,ADHD,0.985796200111508,1
aarav continua,ADHD,0.766261999960988,1
madhav,Normal,3.95596980000846,1
madhav,Normal,0.562699900008738,0
madhav,Normal,0.581937699811533,1
madhav,Normal,0.776856400072574,1
madhav,Normal,0.50273249996826,1
madhav,Normal,1.30319950007833,1
madhav,Normal,0.891106599941849,1
madhav,Normal,0.444936800049617,1
divit continua,ADHD,0.297868699766695,1
divit continua,ADHD,4.23516840022057,0
divit continua,ADHD,0.794236000161618,0
divit continua,ADHD,2.67114849993959,0
divit continua,ADHD,0.117054699920117,1
divit continua,ADHD,0.274921399541199,1
divit continua,ADHD,0.252675700001418,1
divit continua,ADHD,0.940863499883562,1
ali,Autism,0.739061699714511,1
ali,Autism,0.614961199928075,1
ali,Autism,45.5119692999869,0
ali,Autism,0.352898300159722,1
ali,Autism,2.12923919968307,0
ali,Autism,0.136694399639964,1
ali,Autism,4.02588710002601,1
ali,Autism,0.220965399872511,1
navyaansh,ADHD,0.431078500114381,1
navyaansh,ADHD,0.43140080012381,1
navyaansh,ADHD,0.33474940015003,1
navyaansh,ADHD,0.489071600139141,0
navyaansh,ADHD,0.582272499799728,0
navyaansh,ADHD,0.257291899994015,1
navyaansh,ADHD,0.290154099930077,1
navyaansh,ADHD,41.0990242003463,1
aayansh,ADHD,0.427568700164556,1
aayansh,ADHD,1.07679709978401,1
aayansh,ADHD,2.16351690003648,1
aayansh,ADHD,2.0143571998924,1
aayansh,ADHD,6.85118540003895,1
aayansh,ADHD,0.292651999741792,1
aayansh,ADHD,0.487259100191295,1
aayansh,ADHD,0.275625400245189,1
parth continua,Normal,22.3877576999366,0
parth continua,Normal,1.98260230012238,1
parth continua,Normal,0.387423200067132,1
parth continua,Normal,1.75320310005918,1
parth continua,Normal,0.454767699819058,1
parth continua,Normal,10.2504540001973,0
parth continua,Normal,1.24329470004886,0
parth continua,Normal,2.76313899969682,1
zeidaan,ADHD,1.54639990022405,1
zeidaan,ADHD,1.51112179970368,1
zeidaan,ADHD,2.49265279993414,0
zeidaan,ADHD,0.625130899716168,1
zeidaan,ADHD,0.482237699907273,1
zeidaan,ADHD,1.24905229965224,1
zeidaan,ADHD,1.57007530005648,0
zeidaan,ADHD,0.37622859980911,1
Navendu Jain,ADHD,0.540555099956691,0
Navendu Jain,ADHD,2.81298300018534,0
Navendu Jain,ADHD,2.34053310006856,0
Navendu Jain,ADHD,1.21388449985533,1
Navendu Jain,ADHD,0.934775399975478,1
Navendu Jain,ADHD,0.416775099933147,0
Navendu Jain,ADHD,0.80853319959715,1
Navendu Jain,ADHD,0.418854699935764,1
Arasto,ADHD,0.303441099822521,1
Arasto,ADHD,3.06476660026237,0
Arasto,ADHD,0.221373500302433,1
Arasto,ADHD,3.60753160016611,0
Arasto,ADHD,1.00698149995878,1
Arasto,ADHD,0.829497300088405,0
Arasto,ADHD,0.255313899833709,0
Arasto,ADHD,0.743414099793881,1
ishika,Normal,1.23444049991667,1
ishika,Normal,0.949211100116372,0
ishika,Normal,1.60517609957605,1
ishika,Normal,0.337628600187599,1
ishika,Normal,1.50323090003803,0
ishika,Normal,1.28085059998556,1
ishika,Normal,0.949738000053912,0
ishika,Normal,1.2991317003034,1
ilakshi,Normal,1.67783910036087,0
ilakshi,Normal,1.29885189980268,1
ilakshi,Normal,2.70922269998118,0
ilakshi,Normal,1.11872400017455,1
ilakshi,Normal,2.1354312999174,1
ilakshi,Normal,0.504110799636691,1
ilakshi,Normal,4.2435598000884,0
ilakshi,Normal,2.03301250003278,0
gurmehar,Normal,1.29146869992837,1
gurmehar,Normal,0.819427700247615,0
gurmehar,Normal,0.18659899989143,1
gurmehar,Normal,4.17899229982867,1
gurmehar,Normal,1.26137549988925,1
gurmehar,Normal,6.6457936996594,0
gurmehar,Normal,0.611177599988877,0
gurmehar,Normal,0.391410199925303,1
karan,Normal,1.47580609982833,1
karan,Normal,3.46925960015505,0
karan,Normal,1.23084350023418,1
karan,Normal,5.60378320002928,1
karan,Normal,1.45538640022277,0
karan,Normal,1.56351350015029,0
karan,Normal,0.53865659981966,1
yukti,Normal,0.712455499917268,0
yukti,Normal,0.812537000048905,1
yukti,Normal,0.586632799822837,1
yukti,Normal,0.559268200304359,1
yukti,Normal,5.46995670022442,1
yukti,Normal,0.923874100204557,0
yukti,Normal,0.521394500043243,0
yukti,Normal,1.03574459999799,1
lavesh acdamey,Normal,4.23596949968487,0
lavesh acdamey,Normal,1.41886439966037,1
lavesh acdamey,Normal,2.75390130002051,1
lavesh acdamey,Normal,4.15752760041505,0
lavesh acdamey,Normal,2.768865799997,0
lavesh acdamey,Normal,2.18842109991237,1
lavesh acdamey,Normal,2.41322829993441,1
lavesh acdamey,Normal,1.41227350011467,1
tanmay,Normal,1.05407179985195,1
tanmay,Normal,6.9134070998989,0
tanmay,Normal,1.27095540007576,0
tanmay,Normal,0.423438999801874,1
tanmay,Normal,1.05450470000505,1
tanmay,Normal,4.19889270002022,1
tanmay,Normal,1.32236859994009,1
tanmay,Normal,0.343062100000679,1
aditya mehra acad,ADHD,5.12994020013138,0
aditya mehra acad,ADHD,1.66949540004134,0
aditya mehra acad,ADHD,8.44580410001799,0
aditya mehra acad,ADHD,4.11986210010945,0
aditya mehra acad,ADHD,3.50489199999719,1
aditya mehra acad,ADHD,1.32177869975566,0
aditya mehra acad,ADHD,9.17614680016413,0
aditya mehra acad,ADHD,3.6709533999674,1
riddhima,ADHD,1.21807500021532,1
riddhima,ADHD,4.66074559977278,0
riddhima,ADHD,1.86528619984164,0
riddhima,ADHD,2.59713120013475,0
riddhima,ADHD,1.98609170038253,0
riddhima,ADHD,0.458077899646014,1
riddhima,ADHD,0.787427499890327,1
riddhima,ADHD,3.53503610007464,1
ananya,Normal,1.10029180021956,1
ananya,Normal,0.607308299746364,0
ananya,Normal,2.14694770006462,0
ananya,Normal,0.296269400045275,1
ananya,Normal,1.86631060019135,0
ananya,Normal,0.832848300226032,1
ananya,Normal,0.281474799849092,0
ananya,Normal,0.254986500367522,1
mishita,ADHD,15.2973752003163,0
mishita,ADHD,0.400350600015372,1
mishita,ADHD,11.0836776001378,0
mishita,ADHD,3.9844441995956,0
mishita,ADHD,11.2741931001655,0
mishita,ADHD,0.272424600087106,1
mishita,ADHD,1.85843610018491,0
mishita,ADHD,0.363184599671512,1
dhriti,ADHD,0.324135299772024,1
dhriti,ADHD,0.219001499935984,1
dhriti,ADHD,0.184015499893575,1
dhriti,ADHD,0.399860200006514,1
dhriti,ADHD,0.189806200098246,1
dhriti,ADHD,5.67372550023719,0
dhriti,ADHD,0.370941400062292,1
dhriti,ADHD,0.261612999718636,1
TEJBEER,ADHD,0.297020599999996,1
TEJBEER,ADHD,0.292154500000378,1
TEJBEER,ADHD,0.397467599999799,1
TEJBEER,ADHD,0.557701100000031,0
TEJBEER,ADHD,0.483721999999943,1
TEJBEER,ADHD,7.56787249999979,0
TEJBEER,ADHD,3.24195499999996,0
TEJBEER,ADHD,0.274915599999985,1
GURSHEEN,ADHD,3.12725610000006,1
GURSHEEN,ADHD,1.23627269999997,1
GURSHEEN,ADHD,10.1174535,0
GURSHEEN,ADHD,0.747080099999948,1
GURSHEEN,ADHD,2.19257079999988,1
GURSHEEN,ADHD,0.366678200000023,1
GURSHEEN,ADHD,10.5319097999999,0
GURSHEEN,ADHD,0.372087599999758,1
khushi batra,ADHD,0.414674700004979,0
khushi batra,ADHD,6.56443080000462,0
khushi batra,ADHD,0.214207099983468,1
khushi batra,ADHD,0.479889699985506,1
khushi batra,ADHD,2.14035440000589,1
khushi batra,ADHD,2.99284330001682,0
khushi batra,ADHD,1.54154130001552,0
gurnoor,Normal,4.40948319999733,1
gurnoor,Normal,0.287947499979054,1
gurnoor,Normal,1.0027975999983,1
gurnoor,Normal,0.593078000005334,0
gurnoor,Normal,1.04422669997438,0
gurnoor,Normal,0.882523700012825,1
gurnoor,Normal,1.3188525000005,0
gurnoor,Normal,2.25173230000655,0
taranveer singh,ADHD,1.68028630001936,0
taranveer singh,ADHD,1.98351199997705,0
taranveer singh,ADHD,3.03977730000042,0
taranveer singh,ADHD,0.239536000008229,1
taranveer singh,ADHD,3.94745310000143,1
taranveer singh,ADHD,0.356150399980833,1
taranveer singh,ADHD,5.03936240001348,0
taranveer singh,ADHD,1.65759449999313,0
karan kota,ADHD,1.46921140002086,0
karan kota,ADHD,0.513191999983973,1
karan kota,ADHD,0.601812899985816,0
karan kota,ADHD,1.80312039999989,0
karan kota,ADHD,2.18355179997161,0
karan kota,ADHD,0.387783699959982,0
karan kota,ADHD,1.00332710001384,0
karan kota,ADHD,1.44380780000938,0
baneet,Normal,8.08281009999336,1
baneet,Normal,0.906697499973233,1
baneet,Normal,1.13945369998691,1
baneet,Normal,0.907481000002007,1
baneet,Normal,0.338662300026044,1
baneet,Normal,0.570681000011973,0
baneet,Normal,0.426513400045223,1
kabir,AUTISM,4.59475530008785,0
kabir,AUTISM,0.727312299888581,1
kabir,AUTISM,14.29573230003,0
kabir,AUTISM,17.0340351001359,0
kabir,AUTISM,5.85549469990655,0
kabir,AUTISM,1.24102690001018,0
kabir,AUTISM,8.29326749988831,0
kabir,AUTISM,2.64366950001567,0
itish,ADHD,1.84057649993337,0
itish,ADHD,3.07549219997599,1
itish,ADHD,0.710008000023663,1
itish,ADHD,0.517988399835303,1
itish,ADHD,1.22481719986535,1
itish,ADHD,0.256992699811235,1
itish,ADHD,4.99762399983592,1
tavish continua 28,ADHD,0.265219399938359,1
tavish continua 28,ADHD,0.319847800070419,1
tavish continua 28,ADHD,0.385002000024542,0
tavish continua 28,ADHD,0.400007400196045,1
tavish continua 28,ADHD,0.38954190001823,1
tavish continua 28,ADHD,0.52977929986082,1
tavish continua 28,ADHD,0.501263400074094,0
tavish continua 28,ADHD,0.481270199874416,1
naitwik cont 5,ADHD,2.43265810003504,0
naitwik cont 5,ADHD,2.09820559993386,1
naitwik cont 5,ADHD,0.950063199969008,1
naitwik cont 5,ADHD,3.27570160012692,1
naitwik cont 5,ADHD,0.9795278001111,0
naitwik cont 5,ADHD,3.05124830012209,0
naitwik cont 5,ADHD,6.04010619991458,0
naitwik cont 5,ADHD,6.08183639985509,1
shlok,ADHD,0.587967299856245,1
shlok,ADHD,6.63574759988114,0
shlok,ADHD,0.499434799887239,1
shlok,ADHD,0.239137099822983,1
shlok,ADHD,1.75280399993062,1
shlok,ADHD,0.81069209985435,1
shlok,ADHD,1.95014850003644,0
shlok,ADHD,0.341190099949017,1
ishita normal,Normal,2.7058045999147,0
ishita normal,Normal,0.961916899774223,1
ishita normal,Normal,2.93213080009445,0
ishita normal,Normal,8.78307829983532,1
ishita normal,Normal,3.27045679977163,0
ishita normal,Normal,3.19859889987856,0
ishita normal,Normal,2.1112299002707,1
ishita normal,Normal,0.947245600167661,0
raghav n,ADHD-H,2.47209809999912,1
raghav n,ADHD-H,1.44972320040687,1
raghav n,ADHD-H,0.992408299818635,0
raghav n,ADHD-H,1.84016689984127,1
raghav n,ADHD-H,4.50024359999224,0
raghav n,ADHD-H,2.99178319983184,0
raghav n,ADHD-H,0.674709500279277,1
raghav n,ADHD-H,4.40396529994905,0
bhomik n,ADHD,4.68971359962597,1
bhomik n,ADHD,2.39210340008139,1
bhomik n,ADHD,2.41587480017915,1
bhomik n,ADHD,0.425785600207746,1
bhomik n,ADHD,0.294993299990892,1
bhomik n,ADHD,1.2556185000576,1
bhomik n,ADHD,2.78241959959268,1
bhomik n,ADHD,0.481400500051677,1
khushali n,NORMAL,0.431529399938881,1
khushali n,NORMAL,0.252595900092273,1
khushali n,NORMAL,2.00127650005742,1
khushali n,NORMAL,2.33272480033338,1
khushali n,NORMAL,5.57666110014542,0
khushali n,NORMAL,5.14526970032602,0
khushali n,NORMAL,0.455420800019055,1
khushali n,NORMAL,0.640874399803578,1
swara,NORMAL,0.938677200116217,1
swara,NORMAL,1.67801940022036,1
swara,NORMAL,5.53714899998158,0
swara,NORMAL,3.4941463000141,0
swara,NORMAL,2.5680132000707,0
swara,NORMAL,3.11479019979015,1
swara,NORMAL,3.8095112000592,0
swara,NORMAL,1.57511109998449,1
abhimanyu,NORMAL,6.29618920013308,0
abhimanyu,NORMAL,1.57367339963093,0
abhimanyu,NORMAL,2.43400540016591,1
abhimanyu,NORMAL,2.7621395997703,1
abhimanyu,NORMAL,1.39568840013816,0
abhimanyu,NORMAL,1.68635979993268,0
abhimanyu,NORMAL,0.266490899957716,1
abhimanyu,NORMAL,1.73350630002096,0
kunal,ADHD,2.17005599988624,1
kunal,ADHD,2.2364109000191,1
kunal,ADHD,8.40966419968754,1
kunal,ADHD,5.54123760014772,0
kunal,ADHD,0.504754000343382,1
kunal,ADHD,2.55485600000247,0
kunal,ADHD,0.405708599835634,1
kunal,ADHD,1.47489200020208,1
pravek,ADHD,1.54081790009513,0
pravek,ADHD,6.65803339984267,0
pravek,ADHD,3.62879700027406,1
pravek,ADHD,3.43518549995496,0
pravek,ADHD,3.12906539998948,1
pravek,ADHD,3.817265199963,0
pravek,ADHD,7.4605518002063,1
pravek,ADHD,5.62361230002716,0
gunav,ADHD,1.03578640008345,0
gunav,ADHD,0.84404749982059,1
gunav,ADHD,1.55447239987552,1
gunav,ADHD,11.9799281000159,0
gunav,ADHD,1.49490399984642,1
gunav,ADHD,4.55488749966025,0
gunav,ADHD,12.4459033003076,0
gunav,ADHD,0.191524000372737,1
vihaan,ADHD,20.6835640999488,0
vihaan,ADHD,0.554394499864429,0
vihaan,ADHD,0.511057599913328,1
vihaan,ADHD,0.954566800035536,1
vihaan,ADHD,0.247513700276613,1
vihaan,ADHD,0.812837800011038,1
vihaan,ADHD,5.86626579985022,1
vihaan,ADHD,1.64406650001183,1
SUDIKSHA,ADHD,12.4044630001299,0
SUDIKSHA,ADHD,8.75824669981375,1
SUDIKSHA,ADHD,5.58741650031879,0
SUDIKSHA,ADHD,1.27673720009624,1
SUDIKSHA,ADHD,3.91220809984952,0
SUDIKSHA,ADHD,10.7783372998237,0
SUDIKSHA,ADHD,3.35151489963755,1
SUDIKSHA,ADHD,2.57843540003523,1
saiyam,ADHD,0.239148499997099,1
saiyam,ADHD,0.203796200003125,1
saiyam,ADHD,0.236025100006372,1
saiyam,ADHD,1.21443110000109,1
saiyam,ADHD,8.54117229999974,0
saiyam,ADHD,0.32671819999814,1
saiyam,ADHD,14.6082497000024,1
saiyam,ADHD,0.905981700008851,0
shivay mehra 5 adhdp,ADHD,0.602183699957095,1
shivay mehra 5 adhdp,ADHD,0.697221999987959,1
shivay mehra 5 adhdp,ADHD,0.527225499972701,1
shivay mehra 5 adhdp,ADHD,0.524657499976456,0
shivay mehra 5 adhdp,ADHD,2.56235680007375,0
shivay mehra 5 adhdp,ADHD,0.399630900006741,1
shivay mehra 5 adhdp,ADHD,7.44092750002164,0
shivay mehra 5 adhdp,ADHD,3.57483349996618,0
darsh 50,ADHD,0.180099599994719,1
darsh 50,ADHD,0.478692200034856,0
darsh 50,ADHD,2.2161053000018,1
darsh 50,ADHD,1.97429080004803,0
darsh 50,ADHD,1.71065419993828,0
darsh 50,ADHD,0.212144499993883,1
darsh 50,ADHD,0.195103500038385,1
darsh 50,ADHD,0.263475900050252,1
armaan,AUTISM,4.58330620010383,0
armaan,AUTISM,34.4156542001292,1
armaan,AUTISM,1.64681940013542,1
armaan,AUTISM,0.345302500063553,1
armaan,AUTISM,0.954916900023818,1
armaan,AUTISM,6.15601269993931,1
armaan,AUTISM,5.62357589998282,1
armaan,AUTISM,36.2593998000957,0
devansh,AUTISM,0.584295699838548,1
devansh,AUTISM,5.57471240009181,1
devansh,AUTISM,0.304715599864721,1
devansh,AUTISM,0.852042899932712,1
devansh,AUTISM,0.420557299861684,1
devansh,AUTISM,2.42747780005447,1
devansh,AUTISM,0.27805049996823,1
devansh,AUTISM,0.420103500131517,1
rugved,AUTISM,0.414667400065809,1
rugved,AUTISM,8.15954530006274,1
rugved,AUTISM,0.348531099967658,1
rugved,AUTISM,4.15358980000019,1
rugved,AUTISM,8.90619560005143,1
rugved,AUTISM,0.208052499918267,1
rugved,AUTISM,27.2088326001539,1
rugved,AUTISM,21.7311251000501,1
aryan 82,AUTISM,0.29626420000568,1
aryan 82,AUTISM,10.7993995998986,0
aryan 82,AUTISM,1.04188019968569,0
aryan 82,AUTISM,0.229781699832528,1
aryan 82,AUTISM,0.38264329964295,1
aryan 82,AUTISM,4.98167190002277,1
aryan 82,AUTISM,0.263848700094968,1
aryan 82,AUTISM,0.227579299826174,1
yatharth,AUTISM,2.51170949963852,1
yatharth,AUTISM,1.68361099995672,1
yatharth,AUTISM,3.1972090001218,0
yatharth,AUTISM,10.3353033997118,0
yatharth,AUTISM,0.745087299961596,1
yatharth,AUTISM,2.73884189967066,1
yatharth,AUTISM,0.932893100194633,1
yatharth,AUTISM,8.17931060027331,0
shivansh,AUTISM,0.412383500020951,1
shivansh,AUTISM,7.02536450000479,1
shivansh,AUTISM,12.8397395000793,0
shivansh,AUTISM,3.55602259980514,0
shivansh,AUTISM,0.94023389974609,1
shivansh,AUTISM,0.479943099897354,1
shivansh,AUTISM,4.15362880006432,0
shivansh,AUTISM,4.02333489991724,1
heyan,AUTISM,3.94099960010498,1
heyan,AUTISM,2.81943510007113,1
heyan,AUTISM,3.67154130013659,0
heyan,AUTISM,0.994619100354611,0
heyan,AUTISM,13.0331679000519,1
heyan,AUTISM,49.8203646000474,0
heyan,AUTISM,2.75867190025746,1
heyan,AUTISM,67.7455645999871,0
Rudra,AUTISM,2.53367460006847,0
Rudra,AUTISM,12.1544500002637,0
Rudra,AUTISM,5.05791730014607,0
Rudra,AUTISM,2.24600889999419,0
Rudra,AUTISM,2.64837039960548,1
Rudra,AUTISM,1.15695830015465,1
Rudra,AUTISM,1.07777399988845,0
Rudra,AUTISM,6.87848359998315,1
rakesh 82,AUTISM,30.6132419998757,0
rakesh 82,AUTISM,3.91089169960469,1
rakesh 82,AUTISM,0.29682350018993,1
rakesh 82,AUTISM,8.30099130002781,1
rakesh 82,AUTISM,28.2901197997853,0
rakesh 82,AUTISM,5.84724680008366,1
rakesh 82,AUTISM,5.69941030023619,0
rakesh 82,AUTISM,4.02683999994769,1
manit 82,AUTISM,3.88002720009535,0
manit 82,AUTISM,1.13417960004881,1
manit 82,AUTISM,0.665603199973702,1
manit 82,AUTISM,9.8261647997424,1
manit 82,AUTISM,3.26300610043108,0
manit 82,AUTISM,8.50759379984811,1
manit 82,AUTISM,1.79816209990531,1
manit 82,AUTISM,4.61484650010243,0
deyansh5,AUTISM,16.5891273999586,1
deyansh5,AUTISM,1.74959020002279,0
deyansh5,AUTISM,9.01369759999215,0
deyansh5,AUTISM,1.50191289989743,1
deyansh5,AUTISM,5.1471092000138,1
deyansh5,AUTISM,9.08421469992026,1
deyansh5,AUTISM,16.9903539000079,0
deyansh5,AUTISM,11.8523719999939,0
shivaank,AUTISM,0.402020899928174,0
shivaank,AUTISM,2.12056740000844,0
shivaank,AUTISM,6.00573610002175,1
shivaank,AUTISM,2.3551020999439,1
shivaank,AUTISM,2.58133219997398,1
shivaank,AUTISM,1.4016540000448,1
shivaank,AUTISM,4.99205229990184,0
shivaank,AUTISM,1.40973690000828,0
shivansh 50 asd,AUTISM,2.62555440003052,1
shivansh 50 asd,AUTISM,2.0421275999397,1
shivansh 50 asd,AUTISM,5.61812370002735,1
shivansh 50 asd,AUTISM,4.54222120007034,0
shivansh 50 asd,AUTISM,10.7750298000173,0
shivansh 50 asd,AUTISM,3.06141259998548,1
shivansh 50 asd,AUTISM,1.159318500082,1
shivansh 50 asd,AUTISM,4.90012150001712,1
sadhika,AUTISM,0.372927400050684,1
sadhika,AUTISM,0.573419099906459,1
sadhika,AUTISM,26.2697562999092,1
sadhika,AUTISM,0.643030900042504,1
sadhika,AUTISM,1.84435619995929,1
sadhika,AUTISM,20.8615578999742,1
sadhika,AUTISM,3.09386610006913,1
sadhika,AUTISM,0.275419400073587,1
harshit,ADHD,0.490310600027442,1
harshit,ADHD,0.987021399894729,1
harshit,ADHD,1.56064909999258,1
harshit,ADHD,3.07918000011704,1
harshit,ADHD,1.26880479999817,1
harshit,ADHD,3.36564989993348,1
harshit,ADHD,0.497708900133147,1
yuvaan ,Autism,2.55222419998608,1
yuvaan ,Autism,2.68696449999697,0
yuvaan ,Autism,0.242347199935466,1
yuvaan ,Autism,3.05328550003469,1
yuvaan ,Autism,18.029420300154,1
yuvaan ,Autism,29.3983854998368,0
yuvaan ,Autism,8.66305219987407,1
yuvaan ,Autism,29.835717999842,0
shivaank ,Autism,2.80588579992763,1
shivaank ,Autism,2.15878629987128,1
shivaank ,Autism,1.47152419993653,1
shivaank ,Autism,0.343724299920722,1
shivaank ,Autism,4.65305939991958,1
shivaank ,Autism,2.05627439985983,1
shivaank ,Autism,25.7642618999816,1
shivaank ,Autism,1.76182730006985,0
siddharth,Autism,10.3544119000434,1
siddharth,Autism,13.3291827000211,0
siddharth,Autism,13.6519731997977,0
siddharth,Autism,1.82573110004886,1
siddharth,Autism,0.840640499955043,1
siddharth,Autism,1.13590009999461,1
siddharth,Autism,3.76908989995718,0
siddharth,Autism,0.269243099959567,1
vihaan adhd.,ADHD,21.6152802000287,1
vihaan adhd.,ADHD,2.74423379998188,1
vihaan adhd.,ADHD,4.42939710000064,1
vihaan adhd.,ADHD,9.70484729995951,1
vihaan adhd.,ADHD,0.815765400067903,1
vihaan adhd.,ADHD,0.995978699997067,1
vihaan adhd.,ADHD,6.73676809994503,0
vihaan adhd.,ADHD,2.46949159994255,1
ekam,ADHD,1.82668949989601,1
ekam,ADHD,0.767237099818885,0
ekam,ADHD,0.421708699781447,1
ekam,ADHD,0.750599700026214,1
ekam,ADHD,0.328194400062784,1
ekam,ADHD,1.82156700012274,1
ekam,ADHD,2.25027840002439,0
ekam,ADHD,12.0398514000698,0
harjas,ADHD,6.29019989981316,1
harjas,ADHD,8.68575579999014,0
harjas,ADHD,2.68853189982473,1
harjas,ADHD,3.7832518001087,0
harjas,ADHD,0.614500500028953,1
harjas,ADHD,0.83212749985978,1
harjas,ADHD,0.563871699851006,0
harjas,ADHD,2.90619250014424,0
saifpreet,Normal,8.90101250004954,1
saifpreet,Normal,1.55393200018443,1
saifpreet,Normal,5.44352059997618,0
saifpreet,Normal,0.380155300023034,1
saifpreet,Normal,0.930494199972599,1
saifpreet,Normal,1.02456829999573,1
saifpreet,Normal,5.80554989981465,1
saifpreet,Normal,3.69518720009364,1
ritham,ADHD,11.7709497998002,1
ritham,ADHD,19.1192743000574,1
ritham,ADHD,0.164890199899673,1
ritham,ADHD,2.4940491002053,1
ritham,ADHD,4.6937012001872,1
ritham,ADHD,4.36105119995772,0
ritham,ADHD,1.70096729998476,1
ritham,ADHD,0.908173199975863,0
Jasdeep singh,Normal,0.240541099570691,1
Jasdeep singh,Normal,1.94869730062782,0
Jasdeep singh,Normal,4.39551630057394,1
Jasdeep singh,Normal,1.76091239973902,0
Jasdeep singh,Normal,0.384172299876809,1
Jasdeep singh,Normal,1.89994040038436,0
Jasdeep singh,Normal,0.416367199271917,1
Jasdeep singh,Normal,3.27096359990537,0
amay,Normal,1.14878770057111,1
amay,Normal,8.89315399993211,1
amay,Normal,12.6354045998305,0
amay,Normal,1.96611980069428,1
amay,Normal,0.311683200299739,1
amay,Normal,1.28950159996747,0
amay,Normal,2.07089869957417,1
amay,Normal,0.355187499895691,1
simardeep,Normal,15.0382930003106,0
simardeep,Normal,3.79947840049862,0
simardeep,Normal,2.2902154000476,0
simardeep,Normal,0.424296900629997,1
simardeep,Normal,8.65417400002479,0
simardeep,Normal,0.827031600289046,1
simardeep,Normal,0.956491500139236,1
simardeep,Normal,0.723837699741125,1
chunmun,Normal,4.90231799986213,0
chunmun,Normal,0.498496299609541,0
chunmun,Normal,4.57438839972019,0
chunmun,Normal,4.36810010019689,0
chunmun,Normal,0.634139600209891,1
chunmun,Normal,1.24649749975651,1
chunmun,Normal,1.9878337001428,0
chunmun,Normal,1.06162029970437,0
harman,ADHD,0.165105699561536,1
harman,ADHD,0.214021899737417,1
harman,ADHD,0.213771199807524,1
harman,ADHD,0.277083399705588,1
harman,ADHD,2.59747160039842,1
harman,ADHD,0.310144900344312,1
harman,ADHD,2.73293489962816,1
harman,ADHD,0.197642600163817,0
hammad,ADHD,5.93946999963372,1
hammad,ADHD,11.5415193000808,0
hammad,ADHD,10.6845203004777,0
hammad,ADHD,2.94370980001986,1
hammad,ADHD,3.08826680015772,1
hammad,ADHD,0.229080400429666,1
hammad,ADHD,0.759672400541603,1
hammad,ADHD,5.46269540023058,0
vivaan,AUTISM,1.35172569938004,0
vivaan,AUTISM,3.21939470060169,1
vivaan,AUTISM,16.4322491008788,0
vivaan,AUTISM,8.24459469970315,0
vivaan,AUTISM,32.6154305003583,1
vivaan,AUTISM,10.2478165002539,0
vivaan,AUTISM,8.44908230006694,0
vivaan,AUTISM,19.9931888999417,0
manit,AUTISM,11.6752121001482,0
manit,AUTISM,1.30396099947392,1
manit,AUTISM,0.355857199989259,1
manit,AUTISM,9.60147239919751,0
manit,AUTISM,2.10042569972574,1
manit,AUTISM,0.324009799398481,1
manit,AUTISM,5.03465269971638,0
manit,AUTISM,1.53314889967441,1
tanay,ADHD,4.9758383994922,1
tanay,ADHD,0.472017799504101,1
tanay,ADHD,2.12062379997223,0
tanay,ADHD,7.6528414003551,1
tanay,ADHD,16.0459126001223,0
tanay,ADHD,13.1721617998555,0
tanay,ADHD,4.08079280052334,1
tanay,ADHD,0.101636500097811,1
devansh,Normal,1.72526199929416,0
devansh,Normal,5.42861709930002,1
devansh,Normal,0.606626000255346,1
devansh,Normal,3.7830180004239,1
devansh,Normal,1.73017850052565,1
devansh,Normal,1.56916609965264,0
devansh,Normal,3.14982880000025,1
tavraj,ADHD,3.66041760000007,1
tavraj,ADHD,0.292772399999876,1
tavraj,ADHD,0.190012799999976,1
tavraj,ADHD,0.483603099999982,0
tavraj,ADHD,6.11679839999988,0
tavraj,ADHD,0.412652600000001,0
tavraj,ADHD,12.5066478999999,1
tavraj,ADHD,1.2870048000002,0
