subject,group,n_trials,accuracy,v,a,t
manit,ADHD,77,0.5194805194805194,0.051163081809562354,1.212616051483962,0.10679702015082693
harshit,NORMAL,91,0.4175824175824176,-0.10963114021363429,1.1727597277185284,0.10527546141762056
aditya,ADHD,41,0.34146341463414637,-0.1591288891032377,1.347080076932324,0.10429813481987621
amrit(C),ADHD,44,0.5,-0.005714993408653617,1.5164533064597896,0.10704206829706997
amrit raj,NORMAL,44,0.6818181818181818,0.31748451204429473,1.0448035237811621,0.10363208786626216
ansh(C),ADHD,38,0.6052631578947368,0.1261841311247609,1.674348257018877,0.10508383697195706
avaesh,NORMAL,47,0.2127659574468085,-0.48878441771183007,1.106238499107982,0.10863139994687193
dhoni,NORMAL,47,0.425531914893617,-0.11609909000304715,1.2210962799434137,0.10686862373408623
divit,ADHD,46,0.6521739130434783,0.27356074880767994,1.2544502421870876,0.13332824137695887
divyansh,NORMAL,45,0.6444444444444445,0.30884412017483404,0.9317217654093596,0.10807674036297049
goranshi ,NORMAL,43,0.3953488372093023,-0.1023474938761223,1.6811935321992082,0.10491331301362711
govind kumar (C),NORMAL,45,0.6888888888888889,0.31773728297608145,1.1171311380742388,0.1032367026178454
harimohan,NORMAL,45,0.5111111111111111,0.05020195309911545,1.0577880628469578,0.10177459470743505
harshit kumar 2,NORMAL,43,0.7209302325581395,0.2818582924590504,1.7683396475143562,0.2265108966532179
naitik,ADHD,44,0.4090909090909091,-0.12034980150617808,1.3275130923496639,0.10106893255110744
himanshu,NORMAL,47,0.5531914893617021,0.11606831750325049,1.173829852664131,0.1033839317512047
dhruv,NORMAL,45,0.4222222222222222,-0.11535327277917484,1.16929465564279,0.1042176194210116
jayant,NORMAL,47,0.7446808510638298,0.6188748159371853,0.8561645577004924,0.13835630509429392
kanishk,NORMAL,44,0.4772727272727273,-0.03768115202371712,1.4038343901958414,0.10216649417010054
karuna clinical hy,ADHD,36,0.5833333333333334,0.0862760594816472,1.523090455490598,0.10756208207463819
kavya,ADHD,46,0.6086956521739131,0.16766698007477565,1.1744928489523494,0.10873783001388843
khushboo pahuja(C),NORMAL,47,0.7659574468085106,0.6826805454292879,0.9286552391761524,0.1431786149911482
kosar,ADHD,33,0.5151515151515151,0.07100317295754718,0.9648684320575408,0.10156407668958911
laxmi,NORMAL,47,0.6808510638297872,0.26233720261459215,1.545360409244693,0.14056951790669525
manav,NORMAL,44,0.6363636363636364,0.2712733892536113,0.9518455912970634,0.10854873730939041
manish,NORMAL,44,0.5,0.0017081755941209175,1.2341395263944859,0.1025339155213042
mayank adhd,ADHD,37,0.43243243243243246,-0.08496987540880543,1.2669699398443537,0.10277024098181298
nishant,NORMAL,48,0.6875,0.41482048405709915,1.014550984689263,0.10124918630866664
prayaag,ADHD,43,0.3953488372093023,-0.13387247944854724,1.4795317335726794,0.11523333377694195
preet,NORMAL,43,0.5813953488372093,0.10542394365995938,1.1037202344290828,0.10298058121602255
sagar,ADHD,41,0.5121951219512195,0.012691703157668715,1.8117907229325052,0.10161137939296344
sahil,ADHD,44,0.6590909090909091,0.2707567101332731,1.0949050684599444,0.10844333791907829
sandeep,NORMAL,48,0.3958333333333333,-0.1510175591936935,1.089825544707383,0.17229900539682838
sidak,NORMAL,45,0.7111111111111111,0.7248702606283562,0.6488604341521199,0.14764006337683705
simran(C),NORMAL,46,0.6739130434782609,0.22746523561824405,1.3199718949499157,0.10427054153895055
suryansh,AUTISM,41,0.4634146341463415,-0.050102398775945245,1.5761625852578298,0.10973313271560181
sweecha,NORMAL,48,0.75,0.4003098615569732,1.4760467174500804,0.6693189255388285
tanishq chauhan,NORMAL,48,0.7291666666666666,0.32842270240738125,1.4234986999608368,0.10983093096273028
vedant (c),ADHD,45,0.4888888888888889,-0.008421422063237451,1.456358208528166,0.10906516023643564
vidhi pahuja,NORMAL,48,0.625,0.2286539868395095,1.1564257773356916,0.10236608556651272
jainam,ADHD,43,0.7441860465116279,0.4335689724605634,1.1505747637539774,0.10488550621849485
hitanshi,ADHD,46,0.5,-4.865299457452422e-05,1.7032484382822046,0.10716519389939777
benedict,ADHD,42,0.5238095238095238,0.019650520062179603,1.4599271673306546,0.10811371417019311
parth,ADHD,41,0.6341463414634146,0.1871096912017895,1.6151054829704388,0.21232639159471042
vivaan,ADHD,82,0.34146341463414637,-0.2083566671383733,1.1481328079737287,0.10504996953649448
harsh vardhan,NORMAL,46,0.5434782608695652,0.08693793878586666,1.237205197689488,0.10832816569067694
jos,ADHD,39,0.6153846153846154,0.24819661940256846,1.082250140226751,0.10621235910236343
Johan,ADHD,31,0.5483870967741935,0.07255581078130549,1.2550537839575149,0.1013698292093439
prisha,ADHD,47,0.425531914893617,-0.1555063257187852,1.0410058291359052,0.10546125550197666
anbu,ADHD,48,0.7083333333333334,0.3223789919495764,1.4082917067537464,0.10936812952382807
aayan,ADHD,38,0.4473684210526316,-0.08772297917496175,1.0264475174228134,0.10477274004739334
anamik,ADHD,48,0.875,0.771553778370075,1.657802599358943,0.6903162014284326
naishita,ADHD,43,0.6744186046511628,0.3374629909819161,0.9702436664996147,0.10698845165807674
avyaan,ADHD,43,0.6744186046511628,0.3946616389340749,1.0192818127685623,0.10043454461403184
anshika,ADHD,46,0.6739130434782609,0.3647982653835439,0.929447131856514,0.10757011839237013
akanksha,ADHD,42,0.6428571428571429,0.1809209776094431,1.3670070805392498,0.10640681956475018
arin,ADHD,46,0.6304347826086957,0.26478309165280284,1.0736057785100501,0.13047282525764986
meha,NORMAL,48,0.7708333333333334,0.5962985573175995,1.0783964898192833,0.1289828147433471
aarav continua,ADHD,44,0.5454545454545454,0.081359929876803,1.3011390788319972,0.10356182909572043
madhav,NORMAL,48,0.6666666666666666,0.410951805474733,0.8266733823993871,0.20136429187171173
divit continua,ADHD,47,0.5957446808510638,0.2786243529721396,0.8337654653641239,0.10409852173565215
ali,AUTISM,38,0.5263157894736842,0.22048602968311315,0.6612424945768787,0.14142224733436354
navyaansh,ADHD,44,0.7045454545454546,0.4648340573623912,0.9546326732126431,0.10754669213790136
aayansh,ADHD,46,0.5652173913043478,0.142287771356386,1.212009901952856,0.10760753950204904
parth continua,NORMAL,45,0.7777777777777778,0.43954630262239525,1.1698405778813452,0.10641096732243505
zeidaan,ADHD,44,0.5227272727272727,0.04033206557306575,1.4345048567617094,0.10652511938381526
Navendu Jain,ADHD,48,0.5416666666666666,0.11131978104068757,0.7886355888122895,0.22445199156209208
Arasto,ADHD,44,0.36363636363636365,-0.15521217443693777,1.3688492992667949,0.10315650160495637
ishika,NORMAL,47,0.574468085106383,0.13366397485379058,1.2166697638074424,0.10285612972371683
ilakshi,NORMAL,48,0.6458333333333334,0.20054813742588543,1.4611325343855188,0.10591405949544458
gurmehar,NORMAL,47,0.723404255319149,0.45731091043771205,1.0451513014356277,0.10876244687853748
karan,NORMAL,46,0.6739130434782609,0.26893627680261306,1.325897401460937,0.10933507098557682
yukti,NORMAL,48,0.7916666666666666,0.6408264392384782,1.1456541649845278,0.19105146870249742
lavesh acdamey,NORMAL,48,0.6666666666666666,0.2506273764789444,1.2848851801275865,0.10716327077250482
tanmay,NORMAL,47,0.6382978723404256,0.27307564203811907,1.0902311874012252,0.10886014862625049
aditya mehra acad,ADHD,45,0.4888888888888889,-0.011376362314823352,1.8459475974789101,0.12096887924191474
riddhima,ADHD,48,0.5416666666666666,0.07734058496129068,1.2286625352733878,0.10305438356123564
ananya,NORMAL,48,0.6666666666666666,0.3338744822230427,1.0142708339691013,0.10880029997455332
mishita,ADHD,40,0.5,0.10667460490783329,0.7268849416435745,0.10722921493612675
dhriti,ADHD,44,0.6136363636363636,0.34918633562185053,0.8430751630932776,0.10889334067226292
TEJBEER,ADHD,48,0.5208333333333334,0.03870623156377222,0.988673989675674,0.10873670191413631
GURSHEEN,ADHD,40,0.65,0.23355280167989076,1.25171545173912,0.10025589139005114
khushi batra,ADHD,43,0.6046511627906976,0.18049727335851107,1.1118990502600883,0.10863736307555039
gurnoor,NORMAL,48,0.6041666666666666,0.1678494258187842,1.2821318193678684,0.10415280952408212
taranveer singh,ADHD,42,0.6190476190476191,0.18778629986533737,0.961599856227063,0.10883210690414746
karan kota,ADHD,45,0.6,0.2208939741652417,1.0544525152985118,0.10106611801771948
baneet,NORMAL,46,0.7391304347826086,0.7288627361754588,0.8295838617516922,0.10398553309452935
kabir,AUTISM,39,0.41025641025641024,-0.08087875985494321,1.747997041696438,0.10498316315119027
itish,ADHD,41,0.6341463414634146,0.24547006289217924,1.1825699754769743,0.10983284304057617
tavish continua 28,ADHD,48,0.8125,1.2836398257235166,0.631522634881826,0.1827728378806152
naitwik cont 5,ADHD,46,0.45652173913043476,-0.05468162260213981,1.4213940458636476,0.10873140307500617
shlok,ADHD,44,0.6363636363636364,0.1713704209376787,1.2956872890854223,0.10561315254214787
ishita normal,NORMAL,47,0.574468085106383,0.08549384944529416,1.2320588057004274,0.10680905387143891
raghav n,ADHD-H,46,0.6086956521739131,0.14293789034874615,1.445481573791797,0.10585695616134055
bhomik n,ADHD,45,0.4888888888888889,-0.004850443522899214,1.42297409207515,0.10505685229373452
khushali n,NORMAL,47,0.6170212765957447,0.19405555846612327,1.214274183458841,0.10538368046281071
swara,NORMAL,47,0.5319148936170213,0.047402580381274435,1.517137248186065,0.1086714265833657
abhimanyu,NORMAL,48,0.6041666666666666,0.14631255137794952,1.4171374453775003,0.10137611117341155
kunal,ADHD,46,0.7391304347826086,0.27063772096281374,1.691327273879676,0.10961163009033459
pravek,ADHD,47,0.5106382978723404,0.017066296288219204,1.4911501444524882,0.10220367686524162
gunav,ADHD,40,0.6,0.17692607539555194,1.1544768072123506,0.10686958525978618
vihaan,ADHD,39,0.6153846153846154,0.1458914547630916,1.1908986038540919,0.10976970314457352
SUDIKSHA,ADHD,42,0.5476190476190477,0.06417558449261442,1.7412757833092292,0.11580649227042089
saiyam,ADHD,40,0.55,0.40856464322843034,0.6654714441579219,0.12120494013323452
shivay mehra 5 adhdp,ADHD,47,0.6170212765957447,0.17106774722823065,1.3533319805993889,0.1080619070913254
darsh 50,ADHD,41,0.4634146341463415,-0.08834508575467688,0.8932939255599364,0.10726429278283584
armaan,AUTISM,31,0.5483870967741935,0.04747061651298097,1.5195940824345309,0.10012231499658497
devansh,AUTISM,82,0.6219512195121951,0.1679276932555964,1.2342891148926158,0.10180165602626662
rugved,AUTISM,35,0.6857142857142857,0.2349689780855857,1.0626418815247327,0.10434066914295692
aryan 82,AUTISM,39,0.48717948717948717,-0.030934566322800477,1.055663029096182,0.10683163629744785
yatharth,AUTISM,41,0.5365853658536586,0.050854885340711094,1.4131603881964732,0.1092359908561501
shivansh,AUTISM,36,0.4722222222222222,-0.03190194804502382,1.6634042399115543,0.10051359311519359
heyan,AUTISM,28,0.5714285714285714,0.07034665835453585,2.0035700446714966,0.10177123229761886
Rudra,AUTISM,46,0.6086956521739131,0.14674604487708567,1.451245358574384,0.10815071760089656
rakesh 82,AUTISM,37,0.4594594594594595,-0.06539213213621475,1.8258701580108816,0.3503450241384382
manit 82,AUTISM,40,0.475,-0.031071683106420535,1.7232647410958215,0.10238705629414796
deyansh5,AUTISM,38,0.5263157894736842,0.03292909888720691,1.7170006817094465,0.6079575136075265
shivaank,AUTISM,43,0.5348837209302325,0.03597130424464422,1.2966500315564484,0.10103183679384231
shivansh 50 asd,AUTISM,45,0.4444444444444444,-0.06678135898234926,1.7390171633911726,0.11260252121643116
sadhika,AUTISM,43,0.5813953488372093,0.17892224399025428,0.9652609644886119,0.10482142524473642
yuvaan ,AUTISM,38,0.42105263157894735,-0.055618550733358946,1.153692496128204,0.10859865937729313
shivaank ,AUTISM,41,0.5609756097560976,0.06973391697287083,1.5344455685090375,0.1099292131308956
siddharth,AUTISM,36,0.6388888888888888,0.13644578022179532,1.7149389891058893,0.1032363242254774
vihaan adhd.,ADHD,37,0.4864864864864865,-0.03338086672291536,1.8043903518749387,0.417556097380338
ekam,ADHD,46,0.6086956521739131,0.252368107141716,0.9476436697161207,0.21126951203681
harjas,ADHD,48,0.5625,0.10039679538060083,1.1714996908860544,0.10823227536008867
saifpreet,NORMAL,48,0.8125,0.5607187824223746,1.1515291706986521,0.10732740029155285
ritham,ADHD,41,0.6341463414634146,0.16627893575152877,1.2265053066904459,0.10374111403943209
Jasdeep singh,NORMAL,46,0.45652173913043476,-0.04553108334008042,1.0882191124664,0.10415334141637328
amay,NORMAL,42,0.7142857142857143,0.31309190825895017,1.0235808099262416,0.10621653205803583
simardeep,NORMAL,43,0.46511627906976744,-0.0467109764015452,1.0140328793173952,0.1017095390742424
chunmun,NORMAL,42,0.5,0.013924349755913286,1.1439767907524179,0.10721315194406078
harman,ADHD,41,0.6341463414634146,0.4274946082471566,0.7910413636909449,0.10069636636860013
hammad,ADHD,36,0.5833333333333334,0.07788007223324135,1.4224924430541819,0.10617357110184844
tanay,ADHD,33,0.5454545454545454,0.030678616011898047,1.0682978340646112,0.1065825799689748
tavraj,ADHD,37,0.5675675675675675,0.05958430251123539,1.241915663882727,0.10217751467983527
