Rank,Features,Behavioral Features,DDM Features,Total Features,ADHD Correct (%),Control Correct (%),Overall Accuracy (%),Balanced Accuracy (%),ROC-AUC,F1
1,rt_mean + omission_rate + commission_rate + a,3,1,4,78.0,80.85106382978722,79.38144329896907,79.42553191489361,0.8017021276595745,0.7959183673469388
2,rt_mean + rt_std + omission_rate + commission_rate + d_prime + a + t,5,2,7,72.0,82.97872340425532,77.31958762886599,77.48936170212765,0.7919148936170213,0.7659574468085106
3,rt_mean + rt_std + accuracy + omission_rate + commission_rate + t,5,1,6,74.0,80.85106382978722,77.31958762886599,77.42553191489361,0.8029787234042554,0.7708333333333334
4,rt_mean + rt_std + omission_rate + commission_rate + d_prime + t,5,1,6,74.0,80.85106382978722,77.31958762886599,77.42553191489361,0.7948936170212765,0.7708333333333334
5,rt_mean + rt_std + accuracy + commission_rate + d_prime + a + t,5,2,7,74.0,80.85106382978722,77.31958762886599,77.42553191489361,0.7829787234042553,0.7708333333333334
6,rt_mean + accuracy + commission_rate + a,3,1,4,76.0,78.72340425531915,77.31958762886599,77.36170212765958,0.7961702127659573,0.7755102040816326
7,rt_mean + omission_rate + commission_rate + d_prime + t,4,1,5,76.0,78.72340425531915,77.31958762886599,77.36170212765958,0.7936170212765956,0.7755102040816326
8,rt_mean + accuracy + omission_rate + commission_rate + d_prime + t,5,1,6,76.0,78.72340425531915,77.31958762886599,77.36170212765958,0.7893617021276597,0.7755102040816326
9,rt_mean + d_prime + a + t,2,2,4,76.0,78.72340425531915,77.31958762886599,77.36170212765958,0.7859574468085107,0.7755102040816326
10,accuracy + commission_rate + a,2,1,3,76.0,78.72340425531915,77.31958762886599,77.36170212765958,0.7740425531914894,0.7755102040816326
11,accuracy + commission_rate + t,2,1,3,70.0,82.97872340425532,76.28865979381443,76.48936170212765,0.7540425531914894,0.7526881720430108
12,rt_mean + rt_std + omission_rate + commission_rate + t,4,1,5,72.0,80.85106382978722,76.28865979381443,76.42553191489361,0.8004255319148936,0.7578947368421053
13,rt_mean + rt_std + accuracy + omission_rate + commission_rate + a + t,5,2,7,72.0,80.85106382978722,76.28865979381443,76.42553191489361,0.7982978723404255,0.7578947368421053
14,rt_mean + accuracy + commission_rate + d_prime + t,4,1,5,72.0,80.85106382978722,76.28865979381443,76.42553191489361,0.7817021276595744,0.7578947368421053
15,rt_mean + omission_rate + commission_rate + d_prime + a + t,4,2,6,74.0,78.72340425531915,76.28865979381443,76.36170212765958,0.7910638297872341,0.7628865979381443
16,rt_mean + rt_std + accuracy + omission_rate + commission_rate + d_prime + t,6,1,7,74.0,78.72340425531915,76.28865979381443,76.36170212765958,0.7891489361702128,0.7628865979381443
17,rt_mean + rt_std + accuracy + omission_rate + commission_rate + d_prime + a + t,6,2,8,74.0,78.72340425531915,76.28865979381443,76.36170212765958,0.7868085106382978,0.7628865979381443
18,rt_mean + rt_std + accuracy + commission_rate + d_prime + t,5,1,6,74.0,78.72340425531915,76.28865979381443,76.36170212765958,0.7863829787234042,0.7628865979381443
19,rt_mean + accuracy + commission_rate + d_prime + a,4,1,5,74.0,78.72340425531915,76.28865979381443,76.36170212765958,0.7817021276595744,0.7628865979381443
20,rt_mean + rt_std + commission_rate + d_prime + a + t,4,2,6,74.0,78.72340425531915,76.28865979381443,76.36170212765958,0.7799999999999999,0.7628865979381443
21,rt_mean + rt_std + omission_rate + commission_rate + v,4,1,5,74.0,78.72340425531915,76.28865979381443,76.36170212765958,0.7748936170212765,0.7628865979381443
22,rt_mean + rt_std + accuracy + commission_rate + d_prime + v + a + t,5,3,8,76.0,76.59574468085107,76.28865979381443,76.29787234042553,0.7595744680851063,0.7676767676767676
23,rt_mean + accuracy + omission_rate + a,3,1,4,70.0,80.85106382978722,75.25773195876289,75.42553191489361,0.7885106382978724,0.7446808510638298
24,rt_mean + rt_std + accuracy + commission_rate + a,4,1,5,70.0,80.85106382978722,75.25773195876289,75.42553191489361,0.7840425531914894,0.7446808510638298
25,rt_mean + rt_std + omission_rate + commission_rate + d_prime,5,0,5,70.0,80.85106382978722,75.25773195876289,75.42553191489361,0.7757446808510637,0.7446808510638298
26,rt_mean + rt_std + accuracy + commission_rate + d_prime + a,5,1,6,70.0,80.85106382978722,75.25773195876289,75.42553191489361,0.7706382978723403,0.7446808510638298
27,rt_mean + omission_rate + commission_rate + a + t,3,2,5,72.0,78.72340425531915,75.25773195876289,75.36170212765958,0.8042553191489361,0.75
28,rt_mean + accuracy + omission_rate + commission_rate + a,4,1,5,72.0,78.72340425531915,75.25773195876289,75.36170212765958,0.8036170212765958,0.75
29,rt_mean + rt_std + omission_rate + commission_rate + a + t,4,2,6,72.0,78.72340425531915,75.25773195876289,75.36170212765958,0.8012765957446809,0.75
30,rt_mean + accuracy + commission_rate + a + t,3,2,5,72.0,78.72340425531915,75.25773195876289,75.36170212765958,0.7929787234042553,0.75
31,rt_mean + accuracy + omission_rate + d_prime + t,4,1,5,72.0,78.72340425531915,75.25773195876289,75.36170212765958,0.791063829787234,0.75
32,rt_mean + omission_rate + commission_rate + d_prime + a,4,1,5,72.0,78.72340425531915,75.25773195876289,75.36170212765958,0.7902127659574468,0.75
33,omission_rate + commission_rate + a,2,1,3,72.0,78.72340425531915,75.25773195876289,75.36170212765958,0.7893617021276597,0.75
34,rt_mean + rt_std + accuracy + d_prime + t,4,1,5,72.0,78.72340425531915,75.25773195876289,75.36170212765958,0.7853191489361702,0.75
35,rt_mean + accuracy + d_prime + a + t,3,2,5,72.0,78.72340425531915,75.25773195876289,75.36170212765958,0.7836170212765957,0.75
36,rt_mean + accuracy + d_prime + t,3,1,4,72.0,78.72340425531915,75.25773195876289,75.36170212765958,0.7834042553191488,0.75
37,rt_mean + accuracy + commission_rate + d_prime + a + t,4,2,6,72.0,78.72340425531915,75.25773195876289,75.36170212765958,0.7821276595744681,0.75
38,rt_mean + omission_rate + t,2,1,3,72.0,78.72340425531915,75.25773195876289,75.36170212765958,0.7808510638297873,0.75
39,rt_mean + commission_rate + d_prime + a,3,1,4,72.0,78.72340425531915,75.25773195876289,75.36170212765958,0.78,0.75
40,rt_mean + omission_rate + a + t,2,2,4,72.0,78.72340425531915,75.25773195876289,75.36170212765958,0.7725531914893616,0.75
41,commission_rate + d_prime + a,2,1,3,72.0,78.72340425531915,75.25773195876289,75.36170212765958,0.7634042553191489,0.75
42,accuracy + commission_rate + d_prime + a,3,1,4,72.0,78.72340425531915,75.25773195876289,75.36170212765958,0.757872340425532,0.75
43,rt_mean + accuracy + omission_rate + commission_rate + t,4,1,5,74.0,76.59574468085107,75.25773195876289,75.29787234042553,0.8051063829787234,0.7551020408163265
44,rt_mean + accuracy + a,2,1,3,74.0,76.59574468085107,75.25773195876289,75.29787234042553,0.7957446808510639,0.7551020408163265
45,rt_mean + rt_std + accuracy + commission_rate + a + t,4,2,6,74.0,76.59574468085107,75.25773195876289,75.29787234042553,0.7914893617021277,0.7551020408163265
46,rt_mean + accuracy + omission_rate + commission_rate + d_prime + a + t,5,2,7,74.0,76.59574468085107,75.25773195876289,75.29787234042553,0.7889361702127659,0.7551020408163265
47,rt_mean + rt_std + accuracy + omission_rate + commission_rate + d_prime + v + a + t,6,3,9,76.0,74.46808510638297,75.25773195876289,75.23404255319149,0.7668085106382979,0.76
48,rt_mean + rt_std + accuracy + commission_rate + d_prime + v + t,5,2,7,76.0,74.46808510638297,75.25773195876289,75.23404255319149,0.7642553191489361,0.76
49,rt_mean + omission_rate + commission_rate + d_prime + v + t,4,2,6,76.0,74.46808510638297,75.25773195876289,75.23404255319149,0.7629787234042552,0.76
50,rt_mean + rt_std + omission_rate + commission_rate + a,4,1,5,68.0,80.85106382978722,74.22680412371135,74.42553191489361,0.7897872340425531,0.7311827956989247
51,rt_mean + accuracy + commission_rate,3,0,3,68.0,80.85106382978722,74.22680412371135,74.42553191489361,0.7804255319148936,0.7311827956989247
52,rt_mean + commission_rate + d_prime + t,3,1,4,68.0,80.85106382978722,74.22680412371135,74.42553191489361,0.7791489361702127,0.7311827956989247
53,rt_mean + rt_std + commission_rate + d_prime + a,4,1,5,68.0,80.85106382978722,74.22680412371135,74.42553191489361,0.7625531914893616,0.7311827956989247
54,accuracy + commission_rate + d_prime + t,3,1,4,68.0,80.85106382978722,74.22680412371135,74.42553191489361,0.7565957446808511,0.7311827956989247
55,rt_mean + rt_std + accuracy + omission_rate + t,4,1,5,70.0,78.72340425531915,74.22680412371135,74.36170212765958,0.8008510638297872,0.7368421052631579
56,rt_mean + rt_std + accuracy + t,3,1,4,70.0,78.72340425531915,74.22680412371135,74.36170212765958,0.796595744680851,0.7368421052631579
57,rt_mean + rt_std + accuracy + commission_rate + t,4,1,5,70.0,78.72340425531915,74.22680412371135,74.36170212765958,0.7961702127659575,0.7368421052631579
58,rt_mean + rt_std + accuracy + a,3,1,4,70.0,78.72340425531915,74.22680412371135,74.36170212765958,0.788936170212766,0.7368421052631579
59,rt_mean + rt_std + d_prime + t,3,1,4,70.0,78.72340425531915,74.22680412371135,74.36170212765958,0.7863829787234042,0.7368421052631579
60,rt_std + omission_rate + commission_rate + a + t,3,2,5,70.0,78.72340425531915,74.22680412371135,74.36170212765958,0.785531914893617,0.7368421052631579
61,rt_mean + rt_std + omission_rate + commission_rate,4,0,4,70.0,78.72340425531915,74.22680412371135,74.36170212765958,0.7853191489361702,0.7368421052631579
62,rt_mean + rt_std + accuracy + omission_rate + d_prime + t,5,1,6,70.0,78.72340425531915,74.22680412371135,74.36170212765958,0.7846808510638298,0.7368421052631579
63,accuracy + omission_rate + commission_rate + a,3,1,4,70.0,78.72340425531915,74.22680412371135,74.36170212765958,0.7821276595744681,0.7368421052631579
64,rt_mean + omission_rate + d_prime + a + t,3,2,5,70.0,78.72340425531915,74.22680412371135,74.36170212765958,0.7821276595744681,0.7368421052631579
65,rt_mean + rt_std + accuracy + omission_rate + commission_rate,5,0,5,70.0,78.72340425531915,74.22680412371135,74.36170212765958,0.7817021276595745,0.7368421052631579
66,rt_mean + rt_std + accuracy + commission_rate,4,0,4,70.0,78.72340425531915,74.22680412371135,74.36170212765958,0.7748936170212766,0.7368421052631579
67,rt_mean + rt_std + accuracy + commission_rate + d_prime,5,0,5,70.0,78.72340425531915,74.22680412371135,74.36170212765958,0.7704255319148936,0.7368421052631579
68,rt_mean + commission_rate + d_prime,3,0,3,70.0,78.72340425531915,74.22680412371135,74.36170212765958,0.7702127659574469,0.7368421052631579
69,omission_rate + commission_rate + d_prime + a + t,3,2,5,70.0,78.72340425531915,74.22680412371135,74.36170212765958,0.7702127659574468,0.7368421052631579
70,omission_rate + commission_rate + d_prime + a,3,1,4,70.0,78.72340425531915,74.22680412371135,74.36170212765958,0.7689361702127658,0.7368421052631579
71,commission_rate + d_prime,2,0,2,70.0,78.72340425531915,74.22680412371135,74.36170212765958,0.7646808510638299,0.7368421052631579
72,rt_std + omission_rate + commission_rate + a,3,1,4,70.0,78.72340425531915,74.22680412371135,74.36170212765958,0.7638297872340425,0.7368421052631579
73,rt_std + accuracy + omission_rate + commission_rate + d_prime,5,0,5,70.0,78.72340425531915,74.22680412371135,74.36170212765958,0.7591489361702128,0.7368421052631579
74,rt_mean + accuracy + omission_rate + commission_rate + a + t,4,2,6,72.0,76.59574468085107,74.22680412371135,74.29787234042553,0.8025531914893617,0.7422680412371134
75,rt_mean + accuracy + commission_rate + t,3,1,4,72.0,76.59574468085107,74.22680412371135,74.29787234042553,0.7914893617021276,0.7422680412371134
76,rt_mean + accuracy + omission_rate + d_prime + a + t,4,2,6,72.0,76.59574468085107,74.22680412371135,74.29787234042553,0.7842553191489361,0.7422680412371134
77,omission_rate + commission_rate + a + t,2,2,4,72.0,76.59574468085107,74.22680412371135,74.29787234042553,0.7829787234042555,0.7422680412371134
78,rt_mean + rt_std + commission_rate + d_prime + t,4,1,5,72.0,76.59574468085107,74.22680412371135,74.29787234042553,0.7817021276595745,0.7422680412371134
79,rt_mean + rt_std + accuracy + omission_rate + commission_rate + v,5,1,6,72.0,76.59574468085107,74.22680412371135,74.29787234042553,0.7774468085106383,0.7422680412371134
80,rt_mean + rt_std + accuracy + v + t,3,2,5,72.0,76.59574468085107,74.22680412371135,74.29787234042553,0.7761702127659574,0.7422680412371134
81,rt_mean + rt_std + omission_rate + commission_rate + v + a + t,4,3,7,72.0,76.59574468085107,74.22680412371135,74.29787234042553,0.7723404255319148,0.7422680412371134
82,rt_mean + rt_std + omission_rate + commission_rate + d_prime + v,5,1,6,72.0,76.59574468085107,74.22680412371135,74.29787234042553,0.768936170212766,0.7422680412371134
83,rt_std + commission_rate + a,2,1,3,72.0,76.59574468085107,74.22680412371135,74.29787234042553,0.7480851063829788,0.7422680412371134
84,rt_mean + accuracy + omission_rate + commission_rate + d_prime + v + t,5,2,7,74.0,74.46808510638297,74.22680412371135,74.23404255319149,0.7697872340425531,0.7474747474747475
85,rt_mean + accuracy + d_prime + v + t,3,2,5,74.0,74.46808510638297,74.22680412371135,74.23404255319149,0.7540425531914893,0.7474747474747475
86,rt_mean + accuracy + a + t,2,2,4,76.0,72.3404255319149,74.22680412371135,74.17021276595746,0.7948936170212765,0.7524752475247525
87,accuracy + commission_rate + d_prime,3,0,3,64.0,82.97872340425532,73.19587628865979,73.48936170212765,0.7753191489361703,0.7111111111111111
88,accuracy + commission_rate,2,0,2,66.0,80.85106382978722,73.19587628865979,73.42553191489361,0.7834042553191489,0.717391304347826
89,accuracy + omission_rate + commission_rate,3,0,3,66.0,80.85106382978722,73.19587628865979,73.42553191489361,0.7834042553191488,0.717391304347826
90,rt_mean + accuracy + commission_rate + d_prime,4,0,4,66.0,80.85106382978722,73.19587628865979,73.42553191489361,0.7774468085106383,0.717391304347826
91,rt_mean + omission_rate + commission_rate,3,0,3,68.0,78.72340425531915,73.19587628865979,73.36170212765958,0.794255319148936,0.723404255319149
92,rt_mean + rt_std + accuracy + omission_rate + commission_rate + a,5,1,6,68.0,78.72340425531915,73.19587628865979,73.36170212765958,0.787659574468085,0.723404255319149
93,rt_mean + rt_std + omission_rate + d_prime + a + t,4,2,6,68.0,78.72340425531915,73.19587628865979,73.36170212765958,0.7868085106382978,0.723404255319149
94,rt_mean + rt_std + omission_rate + d_prime + t,4,1,5,68.0,78.72340425531915,73.19587628865979,73.36170212765958,0.7819148936170213,0.723404255319149
95,rt_mean + commission_rate + d_prime + a + t,3,2,5,68.0,78.72340425531915,73.19587628865979,73.36170212765958,0.7731914893617021,0.723404255319149
96,omission_rate + commission_rate + d_prime + t,3,1,4,68.0,78.72340425531915,73.19587628865979,73.36170212765958,0.772340425531915,0.723404255319149
97,accuracy + omission_rate + commission_rate + v,3,1,4,68.0,78.72340425531915,73.19587628865979,73.36170212765958,0.7697872340425531,0.723404255319149
98,rt_mean + rt_std + accuracy + omission_rate + commission_rate + v + a,5,2,7,68.0,78.72340425531915,73.19587628865979,73.36170212765958,0.7651063829787235,0.723404255319149
99,rt_std + accuracy + commission_rate,3,0,3,68.0,78.72340425531915,73.19587628865979,73.36170212765958,0.7646808510638298,0.723404255319149
100,rt_std + accuracy + commission_rate + d_prime,4,0,4,68.0,78.72340425531915,73.19587628865979,73.36170212765958,0.7548936170212767,0.723404255319149
101,rt_mean + rt_std + accuracy + d_prime + a + t,4,2,6,70.0,76.59574468085107,73.19587628865979,73.29787234042553,0.7855319148936171,0.7291666666666666
102,accuracy + omission_rate + commission_rate + a + t,3,2,5,70.0,76.59574468085107,73.19587628865979,73.29787234042553,0.7846808510638298,0.7291666666666666
103,rt_mean + d_prime + t,2,1,3,70.0,76.59574468085107,73.19587628865979,73.29787234042553,0.7834042553191488,0.7291666666666666
104,rt_mean + accuracy + omission_rate + commission_rate + d_prime + a,5,1,6,70.0,76.59574468085107,73.19587628865979,73.29787234042553,0.7821276595744682,0.7291666666666666
105,rt_mean + rt_std + accuracy + omission_rate + d_prime + a + t,5,2,7,70.0,76.59574468085107,73.19587628865979,73.29787234042553,0.7821276595744682,0.7291666666666666
106,rt_std + omission_rate + commission_rate + d_prime + a + t,4,2,6,70.0,76.59574468085107,73.19587628865979,73.29787234042553,0.7742553191489361,0.7291666666666666
107,accuracy + omission_rate + commission_rate + d_prime + a + t,4,2,6,70.0,76.59574468085107,73.19587628865979,73.29787234042553,0.7697872340425532,0.7291666666666666
108,rt_mean + omission_rate + commission_rate + d_prime + v,4,1,5,70.0,76.59574468085107,73.19587628865979,73.29787234042553,0.7676595744680851,0.7291666666666666
109,rt_mean + rt_std + accuracy + commission_rate + v + a,4,2,6,70.0,76.59574468085107,73.19587628865979,73.29787234042553,0.7659574468085106,0.7291666666666666
110,accuracy + commission_rate + d_prime + a + t,3,2,5,70.0,76.59574468085107,73.19587628865979,73.29787234042553,0.7602127659574467,0.7291666666666666
111,rt_std + omission_rate + commission_rate + d_prime,4,0,4,70.0,76.59574468085107,73.19587628865979,73.29787234042553,0.7561702127659575,0.7291666666666666
112,rt_mean + accuracy + commission_rate + d_prime + v + t,4,2,6,70.0,76.59574468085107,73.19587628865979,73.29787234042553,0.7557446808510638,0.7291666666666666
113,rt_std + accuracy + commission_rate + d_prime + v,4,1,5,70.0,76.59574468085107,73.19587628865979,73.29787234042553,0.7527659574468084,0.7291666666666666
114,rt_std + commission_rate + d_prime,3,0,3,70.0,76.59574468085107,73.19587628865979,73.29787234042553,0.7442553191489362,0.7291666666666666
115,rt_std + commission_rate + d_prime + a,3,1,4,70.0,76.59574468085107,73.19587628865979,73.29787234042553,0.7425531914893617,0.7291666666666666
116,rt_mean + omission_rate + commission_rate + t,3,1,4,72.0,74.46808510638297,73.19587628865979,73.23404255319149,0.8034042553191488,0.7346938775510204
117,rt_mean + rt_std + accuracy + omission_rate + a + t,4,2,6,72.0,74.46808510638297,73.19587628865979,73.23404255319149,0.7965957446808511,0.7346938775510204
118,rt_std + omission_rate + commission_rate + t,3,1,4,72.0,74.46808510638297,73.19587628865979,73.23404255319149,0.7808510638297873,0.7346938775510204
119,rt_mean + rt_std + commission_rate + t,3,1,4,72.0,74.46808510638297,73.19587628865979,73.23404255319149,0.7770212765957446,0.7346938775510204
120,rt_mean + rt_std + commission_rate + a,3,1,4,72.0,74.46808510638297,73.19587628865979,73.23404255319149,0.7761702127659574,0.7346938775510204
121,accuracy + commission_rate + a + t,2,2,4,72.0,74.46808510638297,73.19587628865979,73.23404255319149,0.7748936170212766,0.7346938775510204
122,rt_mean + rt_std + accuracy + omission_rate + commission_rate + d_prime + v + t,6,2,8,72.0,74.46808510638297,73.19587628865979,73.23404255319149,0.7727659574468084,0.7346938775510204
123,rt_mean + commission_rate + a,2,1,3,72.0,74.46808510638297,73.19587628865979,73.23404255319149,0.7719148936170213,0.7346938775510204
124,accuracy + a + t,1,2,3,72.0,74.46808510638297,73.19587628865979,73.23404255319149,0.7706382978723404,0.7346938775510204
125,rt_mean + rt_std + accuracy + commission_rate + v,4,1,5,72.0,74.46808510638297,73.19587628865979,73.23404255319149,0.7693617021276596,0.7346938775510204
126,rt_mean + accuracy + omission_rate + commission_rate + v + a,4,2,6,72.0,74.46808510638297,73.19587628865979,73.23404255319149,0.7689361702127658,0.7346938775510204
127,rt_mean + rt_std + accuracy + omission_rate + commission_rate + v + a + t,5,3,8,72.0,74.46808510638297,73.19587628865979,73.23404255319149,0.766595744680851,0.7346938775510204
128,rt_mean + rt_std + accuracy + d_prime + v + t,4,2,6,72.0,74.46808510638297,73.19587628865979,73.23404255319149,0.7663829787234042,0.7346938775510204
129,rt_mean + rt_std + omission_rate + commission_rate + d_prime + v + a + t,5,3,8,72.0,74.46808510638297,73.19587628865979,73.23404255319149,0.7659574468085106,0.7346938775510204
130,rt_mean + accuracy + commission_rate + d_prime + v + a + t,4,3,7,72.0,74.46808510638297,73.19587628865979,73.23404255319149,0.7578723404255319,0.7346938775510204
131,rt_mean + rt_std + commission_rate + d_prime + v + a + t,4,3,7,72.0,74.46808510638297,73.19587628865979,73.23404255319149,0.7553191489361701,0.7346938775510204
132,rt_mean + omission_rate + commission_rate + d_prime + v + a,4,2,6,72.0,74.46808510638297,73.19587628865979,73.23404255319149,0.7527659574468085,0.7346938775510204
133,rt_mean + rt_std + commission_rate + d_prime + v + t,4,2,6,72.0,74.46808510638297,73.19587628865979,73.23404255319149,0.7523404255319149,0.7346938775510204
134,rt_mean + commission_rate + d_prime + v + t,3,2,5,72.0,74.46808510638297,73.19587628865979,73.23404255319149,0.7468085106382979,0.7346938775510204
135,rt_mean + accuracy + commission_rate + d_prime + v + a,4,2,6,72.0,74.46808510638297,73.19587628865979,73.23404255319149,0.7446808510638298,0.7346938775510204
136,rt_mean + rt_std + commission_rate + d_prime + v,4,1,5,72.0,74.46808510638297,73.19587628865979,73.23404255319149,0.7438297872340425,0.7346938775510204
137,rt_mean + commission_rate + v + a,2,2,4,72.0,74.46808510638297,73.19587628865979,73.23404255319149,0.7382978723404255,0.7346938775510204
138,rt_std + commission_rate + d_prime + v,3,1,4,72.0,74.46808510638297,73.19587628865979,73.23404255319149,0.7340425531914894,0.7346938775510204
139,accuracy + commission_rate + d_prime + v + a,3,2,5,72.0,74.46808510638297,73.19587628865979,73.23404255319149,0.708936170212766,0.7346938775510204
140,rt_mean + accuracy + omission_rate + a + t,3,2,5,74.0,72.3404255319149,73.19587628865979,73.17021276595746,0.7961702127659575,0.74
141,rt_mean + accuracy + t,2,1,3,74.0,72.3404255319149,73.19587628865979,73.17021276595746,0.7940425531914893,0.74
142,rt_mean + rt_std + commission_rate + a + t,3,2,5,74.0,72.3404255319149,73.19587628865979,73.17021276595746,0.78,0.74
143,rt_mean + rt_std + omission_rate + commission_rate + d_prime + v + t,5,2,7,74.0,72.3404255319149,73.19587628865979,73.17021276595746,0.7714893617021278,0.74
144,rt_mean + rt_std + accuracy + v + a + t,3,3,6,74.0,72.3404255319149,73.19587628865979,73.17021276595746,0.7702127659574468,0.74
145,rt_mean + omission_rate + commission_rate + v + a,3,2,5,74.0,72.3404255319149,73.19587628865979,73.17021276595746,0.7680851063829788,0.74
146,rt_mean + accuracy + omission_rate + commission_rate + d_prime + v + a + t,5,3,8,74.0,72.3404255319149,73.19587628865979,73.17021276595746,0.7676595744680851,0.74
147,rt_mean + accuracy + omission_rate + d_prime + v + t,4,2,6,74.0,72.3404255319149,73.19587628865979,73.17021276595746,0.7638297872340426,0.74
148,rt_mean + accuracy + d_prime + v + a + t,3,3,6,74.0,72.3404255319149,73.19587628865979,73.17021276595746,0.7502127659574468,0.74
149,rt_mean + commission_rate + d_prime + v + a,3,2,5,74.0,72.3404255319149,73.19587628865979,73.17021276595746,0.7361702127659574,0.74
150,omission_rate + commission_rate + d_prime,3,0,3,64.0,80.85106382978722,72.16494845360825,72.42553191489361,0.783404255319149,0.7032967032967034
151,accuracy + omission_rate + commission_rate + d_prime,4,0,4,64.0,80.85106382978722,72.16494845360825,72.42553191489361,0.78,0.7032967032967034
152,omission_rate + commission_rate,2,0,2,66.0,78.72340425531915,72.16494845360825,72.36170212765958,0.7953191489361703,0.7096774193548387
153,rt_mean + omission_rate + d_prime + t,3,1,4,66.0,78.72340425531915,72.16494845360825,72.36170212765958,0.7931914893617021,0.7096774193548387
154,rt_mean + accuracy + omission_rate + commission_rate + d_prime,5,0,5,66.0,78.72340425531915,72.16494845360825,72.36170212765958,0.7829787234042553,0.7096774193548387
155,rt_mean + rt_std + accuracy + omission_rate + commission_rate + d_prime,6,0,6,66.0,78.72340425531915,72.16494845360825,72.36170212765958,0.7765957446808511,0.7096774193548387
156,rt_mean + rt_std + accuracy,3,0,3,66.0,78.72340425531915,72.16494845360825,72.36170212765958,0.7748936170212765,0.7096774193548387
157,rt_mean + accuracy + omission_rate + d_prime + a,4,1,5,66.0,78.72340425531915,72.16494845360825,72.36170212765958,0.7727659574468085,0.7096774193548387
158,rt_mean + rt_std + omission_rate + commission_rate + d_prime + a,5,1,6,66.0,78.72340425531915,72.16494845360825,72.36170212765958,0.772127659574468,0.7096774193548387
159,accuracy + omission_rate + commission_rate + d_prime + v,4,1,5,66.0,78.72340425531915,72.16494845360825,72.36170212765958,0.7565957446808509,0.7096774193548387
160,rt_mean + d_prime + a,2,1,3,68.0,76.59574468085107,72.16494845360825,72.29787234042553,0.776808510638298,0.7157894736842105
161,rt_std + accuracy + commission_rate + a + t,3,2,5,68.0,76.59574468085107,72.16494845360825,72.29787234042553,0.7761702127659574,0.7157894736842105
162,rt_std + accuracy + omission_rate + commission_rate,4,0,4,68.0,76.59574468085107,72.16494845360825,72.29787234042553,0.7680851063829788,0.7157894736842105
163,rt_std + accuracy + omission_rate + commission_rate + v,4,1,5,68.0,76.59574468085107,72.16494845360825,72.29787234042553,0.7680851063829787,0.7157894736842105
164,rt_std + accuracy + commission_rate + t,3,1,4,68.0,76.59574468085107,72.16494845360825,72.29787234042553,0.7672340425531915,0.7157894736842105
165,rt_mean + rt_std + accuracy + omission_rate + commission_rate + d_prime + v,6,1,7,68.0,76.59574468085107,72.16494845360825,72.29787234042553,0.7672340425531915,0.7157894736842105
166,omission_rate + d_prime + a + t,2,2,4,68.0,76.59574468085107,72.16494845360825,72.29787234042553,0.765744680851064,0.7157894736842105
167,accuracy + omission_rate + commission_rate + d_prime + a,4,1,5,68.0,76.59574468085107,72.16494845360825,72.29787234042553,0.7655319148936168,0.7157894736842105
168,rt_mean + rt_std + omission_rate + commission_rate + v + a,4,2,6,68.0,76.59574468085107,72.16494845360825,72.29787234042553,0.7646808510638298,0.7157894736842105
169,rt_mean + accuracy + omission_rate + commission_rate + d_prime + v,5,1,6,68.0,76.59574468085107,72.16494845360825,72.29787234042553,0.7634042553191488,0.7157894736842105
170,rt_std + accuracy + omission_rate + commission_rate + a,4,1,5,68.0,76.59574468085107,72.16494845360825,72.29787234042553,0.76,0.7157894736842105
171,rt_std + accuracy + omission_rate + commission_rate + d_prime + v,5,1,6,68.0,76.59574468085107,72.16494845360825,72.29787234042553,0.758723404255319,0.7157894736842105
172,rt_std + accuracy + commission_rate + a,3,1,4,68.0,76.59574468085107,72.16494845360825,72.29787234042553,0.7574468085106384,0.7157894736842105
173,rt_mean + rt_std + omission_rate + commission_rate + d_prime + v + a,5,2,7,68.0,76.59574468085107,72.16494845360825,72.29787234042553,0.7553191489361701,0.7157894736842105
174,rt_std + omission_rate + commission_rate + d_prime + v,4,1,5,68.0,76.59574468085107,72.16494845360825,72.29787234042553,0.7525531914893617,0.7157894736842105
175,rt_std + commission_rate + d_prime + t,3,1,4,68.0,76.59574468085107,72.16494845360825,72.29787234042553,0.7489361702127658,0.7157894736842105
176,rt_std + omission_rate + commission_rate + d_prime + a,4,1,5,68.0,76.59574468085107,72.16494845360825,72.29787234042553,0.742127659574468,0.7157894736842105
177,rt_mean + rt_std + d_prime + a + t,3,2,5,70.0,74.46808510638297,72.16494845360825,72.23404255319149,0.7889361702127659,0.7216494845360825
178,rt_std + accuracy + omission_rate + commission_rate + a + t,4,2,6,70.0,74.46808510638297,72.16494845360825,72.23404255319149,0.7846808510638299,0.7216494845360825
179,rt_std + accuracy + a + t,2,2,4,70.0,74.46808510638297,72.16494845360825,72.23404255319149,0.7842553191489361,0.7216494845360825
180,rt_mean + rt_std + omission_rate + commission_rate + v + t,4,2,6,70.0,74.46808510638297,72.16494845360825,72.23404255319149,0.7751063829787235,0.7216494845360825
181,rt_mean + commission_rate + a + t,2,2,4,70.0,74.46808510638297,72.16494845360825,72.23404255319149,0.772340425531915,0.7216494845360825
182,rt_std + omission_rate + commission_rate + v,3,1,4,70.0,74.46808510638297,72.16494845360825,72.23404255319149,0.771063829787234,0.7216494845360825
183,rt_std + omission_rate + commission_rate,3,0,3,70.0,74.46808510638297,72.16494845360825,72.23404255319149,0.7693617021276596,0.7216494845360825
184,rt_std + d_prime + a + t,2,2,4,70.0,74.46808510638297,72.16494845360825,72.23404255319149,0.7651063829787234,0.7216494845360825
185,rt_std + accuracy + commission_rate + v,3,1,4,70.0,74.46808510638297,72.16494845360825,72.23404255319149,0.7642553191489362,0.7216494845360825
186,rt_mean + rt_std + d_prime + v + t,3,2,5,70.0,74.46808510638297,72.16494845360825,72.23404255319149,0.7595744680851063,0.7216494845360825
187,rt_mean + accuracy + commission_rate + v,3,1,4,70.0,74.46808510638297,72.16494845360825,72.23404255319149,0.7591489361702128,0.7216494845360825
188,commission_rate + d_prime + a + t,2,2,4,70.0,74.46808510638297,72.16494845360825,72.23404255319149,0.7587234042553193,0.7216494845360825
189,accuracy + d_prime + a + t,2,2,4,70.0,74.46808510638297,72.16494845360825,72.23404255319149,0.7582978723404256,0.7216494845360825
190,rt_mean + rt_std + accuracy + commission_rate + d_prime + v,5,1,6,70.0,74.46808510638297,72.16494845360825,72.23404255319149,0.7578723404255319,0.7216494845360825
191,rt_mean + rt_std + accuracy + d_prime + v + a + t,4,3,7,70.0,74.46808510638297,72.16494845360825,72.23404255319149,0.7574468085106383,0.7216494845360825
192,rt_mean + rt_std + commission_rate + d_prime,4,0,4,70.0,74.46808510638297,72.16494845360825,72.23404255319149,0.7553191489361701,0.7216494845360825
193,rt_mean + commission_rate + d_prime + v + a + t,3,3,6,70.0,74.46808510638297,72.16494845360825,72.23404255319149,0.7451063829787234,0.7216494845360825
194,rt_std + accuracy + omission_rate + commission_rate + d_prime + v + a,5,2,7,70.0,74.46808510638297,72.16494845360825,72.23404255319149,0.7327659574468085,0.7216494845360825
195,rt_std + omission_rate + commission_rate + d_prime + v + a,4,2,6,70.0,74.46808510638297,72.16494845360825,72.23404255319149,0.7229787234042552,0.7216494845360825
196,rt_mean + accuracy + omission_rate + t,3,1,4,72.0,72.3404255319149,72.16494845360825,72.17021276595746,0.8034042553191489,0.7272727272727273
197,rt_mean + rt_std + accuracy + a + t,3,2,5,72.0,72.3404255319149,72.16494845360825,72.17021276595746,0.794468085106383,0.7272727272727273
198,rt_mean + rt_std + accuracy + commission_rate + v + t,4,2,6,72.0,72.3404255319149,72.16494845360825,72.17021276595746,0.7672340425531915,0.7272727272727273
199,rt_mean + rt_std + accuracy + commission_rate + v + a + t,4,3,7,72.0,72.3404255319149,72.16494845360825,72.17021276595746,0.7655319148936169,0.7272727272727273
200,rt_mean + omission_rate + commission_rate + v + t,3,2,5,72.0,72.3404255319149,72.16494845360825,72.17021276595746,0.7646808510638298,0.7272727272727273
201,rt_mean + accuracy + commission_rate + v + a,3,2,5,72.0,72.3404255319149,72.16494845360825,72.17021276595746,0.7591489361702127,0.7272727272727273
202,rt_mean + commission_rate + d_prime + v,3,1,4,72.0,72.3404255319149,72.16494845360825,72.17021276595746,0.737872340425532,0.7272727272727273
203,commission_rate + d_prime + v,2,1,3,72.0,72.3404255319149,72.16494845360825,72.17021276595746,0.7323404255319148,0.7272727272727273
204,accuracy + commission_rate + v + a,2,2,4,72.0,72.3404255319149,72.16494845360825,72.17021276595746,0.7270212765957447,0.7272727272727273
205,omission_rate + commission_rate + d_prime + v + a,3,2,5,72.0,72.3404255319149,72.16494845360825,72.17021276595746,0.7187234042553191,0.7272727272727273
206,commission_rate + d_prime + v + a,2,2,4,72.0,72.3404255319149,72.16494845360825,72.17021276595746,0.7021276595744681,0.7272727272727273
207,rt_mean + rt_std + accuracy + omission_rate + commission_rate + v + t,5,2,7,74.0,70.2127659574468,72.16494845360825,72.1063829787234,0.7748936170212766,0.7326732673267327
208,rt_mean + accuracy + omission_rate + v + t,3,2,5,74.0,70.2127659574468,72.16494845360825,72.1063829787234,0.7727659574468084,0.7326732673267327
209,rt_mean + accuracy + omission_rate + v + a + t,3,3,6,74.0,70.2127659574468,72.16494845360825,72.1063829787234,0.7676595744680852,0.7326732673267327
210,rt_mean + omission_rate + commission_rate + d_prime + v + a + t,4,3,7,74.0,70.2127659574468,72.16494845360825,72.1063829787234,0.7629787234042552,0.7326732673267327
211,rt_mean + accuracy + v + t,2,2,4,74.0,70.2127659574468,72.16494845360825,72.1063829787234,0.7612765957446809,0.7326732673267327
212,rt_mean + accuracy + v + a + t,2,3,5,74.0,70.2127659574468,72.16494845360825,72.1063829787234,0.7604255319148936,0.7326732673267327
213,rt_mean + accuracy + omission_rate + d_prime + v + a + t,4,3,7,74.0,70.2127659574468,72.16494845360825,72.1063829787234,0.7582978723404256,0.7326732673267327
214,rt_mean + d_prime + v + a + t,2,3,5,74.0,70.2127659574468,72.16494845360825,72.1063829787234,0.7485106382978723,0.7326732673267327
215,rt_mean + rt_std + commission_rate + v,3,1,4,74.0,70.2127659574468,72.16494845360825,72.1063829787234,0.7395744680851063,0.7326732673267327
216,rt_mean + rt_std + accuracy + omission_rate + commission_rate + d_prime + a,6,1,7,62.0,80.85106382978722,71.1340206185567,71.42553191489361,0.7651063829787235,0.6888888888888889
217,rt_mean + d_prime,2,0,2,62.0,80.85106382978722,71.1340206185567,71.42553191489361,0.7582978723404254,0.6888888888888889
218,commission_rate + t,1,1,2,62.0,80.85106382978722,71.1340206185567,71.42553191489361,0.7319148936170212,0.6888888888888889
219,rt_mean + accuracy + omission_rate + d_prime,4,0,4,64.0,78.72340425531915,71.1340206185567,71.36170212765958,0.7740425531914893,0.6956521739130435
220,rt_mean + omission_rate + d_prime + a,3,1,4,64.0,78.72340425531915,71.1340206185567,71.36170212765958,0.7638297872340426,0.6956521739130435
221,rt_mean + rt_std + accuracy + d_prime,4,0,4,64.0,78.72340425531915,71.1340206185567,71.36170212765958,0.7617021276595745,0.6956521739130435
222,rt_mean + omission_rate + a,2,1,3,64.0,78.72340425531915,71.1340206185567,71.36170212765958,0.7602127659574468,0.6956521739130435
223,rt_mean + rt_std + d_prime + a,3,1,4,64.0,78.72340425531915,71.1340206185567,71.36170212765958,0.76,0.6956521739130435
224,rt_mean + rt_std + accuracy + omission_rate + d_prime,5,0,5,64.0,78.72340425531915,71.1340206185567,71.36170212765958,0.7595744680851064,0.6956521739130435
225,rt_std + accuracy + commission_rate + d_prime + t,4,1,5,64.0,78.72340425531915,71.1340206185567,71.36170212765958,0.7561702127659574,0.6956521739130435
226,rt_mean + rt_std + d_prime + v + a,3,2,5,64.0,78.72340425531915,71.1340206185567,71.36170212765958,0.7404255319148937,0.6956521739130435
227,rt_mean + accuracy + omission_rate + commission_rate,4,0,4,66.0,76.59574468085107,71.1340206185567,71.29787234042553,0.793191489361702,0.7021276595744681
228,rt_mean + omission_rate + commission_rate + d_prime,4,0,4,66.0,76.59574468085107,71.1340206185567,71.29787234042553,0.7821276595744681,0.7021276595744681
229,rt_mean + commission_rate + t,2,1,3,66.0,76.59574468085107,71.1340206185567,71.29787234042553,0.7812765957446808,0.7021276595744681
230,omission_rate + commission_rate + t,2,1,3,66.0,76.59574468085107,71.1340206185567,71.29787234042553,0.7810638297872341,0.7021276595744681
231,accuracy + omission_rate + commission_rate + t,3,1,4,66.0,76.59574468085107,71.1340206185567,71.29787234042553,0.7765957446808511,0.7021276595744681
232,rt_mean + accuracy + d_prime + a,3,1,4,66.0,76.59574468085107,71.1340206185567,71.29787234042553,0.7740425531914893,0.7021276595744681
233,rt_mean + rt_std + accuracy + v,3,1,4,66.0,76.59574468085107,71.1340206185567,71.29787234042553,0.771063829787234,0.7021276595744681
234,accuracy + omission_rate + commission_rate + d_prime + t,4,1,5,66.0,76.59574468085107,71.1340206185567,71.29787234042553,0.7706382978723404,0.7021276595744681
235,rt_std + omission_rate + d_prime + a + t,3,2,5,66.0,76.59574468085107,71.1340206185567,71.29787234042553,0.7670212765957447,0.7021276595744681
236,rt_mean + rt_std + accuracy + omission_rate + v,4,1,5,66.0,76.59574468085107,71.1340206185567,71.29787234042553,0.7668085106382979,0.7021276595744681
237,rt_std + accuracy + commission_rate + d_prime + a,4,1,5,66.0,76.59574468085107,71.1340206185567,71.29787234042553,0.7417021276595746,0.7021276595744681
238,rt_mean + rt_std + commission_rate + d_prime + v + a,4,2,6,66.0,76.59574468085107,71.1340206185567,71.29787234042553,0.7391489361702126,0.7021276595744681
239,commission_rate,1,0,1,66.0,76.59574468085107,71.1340206185567,71.29787234042553,0.7270212765957447,0.7021276595744681
240,rt_std + accuracy + omission_rate + a + t,3,2,5,68.0,74.46808510638297,71.1340206185567,71.23404255319149,0.7855319148936171,0.7083333333333334
241,rt_std + accuracy + omission_rate + v + t,3,2,5,68.0,74.46808510638297,71.1340206185567,71.23404255319149,0.7808510638297873,0.7083333333333334
242,rt_std + accuracy + omission_rate + commission_rate + t,4,1,5,68.0,74.46808510638297,71.1340206185567,71.23404255319149,0.7736170212765957,0.7083333333333334
243,rt_std + accuracy + t,2,1,3,68.0,74.46808510638297,71.1340206185567,71.23404255319149,0.7731914893617021,0.7083333333333334
244,rt_mean + accuracy + omission_rate + commission_rate + v,4,1,5,68.0,74.46808510638297,71.1340206185567,71.23404255319149,0.7697872340425531,0.7083333333333334
245,rt_std + omission_rate + commission_rate + d_prime + t,4,1,5,68.0,74.46808510638297,71.1340206185567,71.23404255319149,0.7693617021276595,0.7083333333333334
246,rt_mean + rt_std + accuracy + omission_rate + d_prime + v + a + t,5,3,8,68.0,74.46808510638297,71.1340206185567,71.23404255319149,0.7642553191489362,0.7083333333333334
247,accuracy + omission_rate + commission_rate + v + t,3,2,5,68.0,74.46808510638297,71.1340206185567,71.23404255319149,0.7591489361702127,0.7083333333333334
248,omission_rate + commission_rate + d_prime + v,3,1,4,68.0,74.46808510638297,71.1340206185567,71.23404255319149,0.7540425531914894,0.7083333333333334
249,rt_mean + rt_std + d_prime + v + a + t,3,3,6,68.0,74.46808510638297,71.1340206185567,71.23404255319149,0.7531914893617021,0.7083333333333334
250,accuracy + commission_rate + d_prime + v,3,1,4,68.0,74.46808510638297,71.1340206185567,71.23404255319149,0.7506382978723403,0.7083333333333334
251,rt_mean + rt_std + accuracy + omission_rate + v + a,4,2,6,68.0,74.46808510638297,71.1340206185567,71.23404255319149,0.7485106382978723,0.7083333333333334
252,rt_mean + rt_std + accuracy + commission_rate + d_prime + v + a,5,2,7,68.0,74.46808510638297,71.1340206185567,71.23404255319149,0.7468085106382979,0.7083333333333334
253,accuracy + omission_rate + d_prime + v + t,3,2,5,68.0,74.46808510638297,71.1340206185567,71.23404255319149,0.7421276595744681,0.7083333333333334
254,rt_mean + rt_std + omission_rate + v + a + t,3,3,6,68.0,74.46808510638297,71.1340206185567,71.23404255319149,0.7370212765957447,0.7083333333333334
255,rt_mean + rt_std + accuracy + omission_rate + v + t,4,2,6,70.0,72.3404255319149,71.1340206185567,71.17021276595746,0.7791489361702127,0.7142857142857143
256,rt_mean + rt_std + omission_rate + t,3,1,4,70.0,72.3404255319149,71.1340206185567,71.17021276595746,0.7748936170212767,0.7142857142857143
257,rt_mean + rt_std + omission_rate + a + t,3,2,5,70.0,72.3404255319149,71.1340206185567,71.17021276595746,0.7702127659574468,0.7142857142857143
258,rt_mean + rt_std + accuracy + omission_rate + d_prime + v + t,5,2,7,70.0,72.3404255319149,71.1340206185567,71.17021276595746,0.7693617021276596,0.7142857142857143
259,d_prime + a + t,1,2,3,70.0,72.3404255319149,71.1340206185567,71.17021276595746,0.7617021276595745,0.7142857142857143
260,rt_std + omission_rate + commission_rate + v + t,3,2,5,70.0,72.3404255319149,71.1340206185567,71.17021276595746,0.7617021276595745,0.7142857142857143
261,rt_std + accuracy + v + a + t,2,3,5,70.0,72.3404255319149,71.1340206185567,71.17021276595746,0.7574468085106382,0.7142857142857143
262,rt_mean + accuracy + commission_rate + v + t,3,2,5,70.0,72.3404255319149,71.1340206185567,71.17021276595746,0.7561702127659574,0.7142857142857143
263,rt_mean + accuracy + omission_rate + commission_rate + d_prime + v + a,5,2,7,70.0,72.3404255319149,71.1340206185567,71.17021276595746,0.7561702127659574,0.7142857142857143
264,rt_mean + accuracy + commission_rate + d_prime + v,4,1,5,70.0,72.3404255319149,71.1340206185567,71.17021276595746,0.7557446808510638,0.7142857142857143
265,accuracy + commission_rate + v,2,1,3,70.0,72.3404255319149,71.1340206185567,71.17021276595746,0.7557446808510637,0.7142857142857143
266,rt_mean + rt_std + commission_rate + v + a + t,3,3,6,70.0,72.3404255319149,71.1340206185567,71.17021276595746,0.7527659574468085,0.7142857142857143
267,rt_mean + accuracy + v + a,2,2,4,70.0,72.3404255319149,71.1340206185567,71.17021276595746,0.7485106382978723,0.7142857142857143
268,rt_std + omission_rate + d_prime + v + t,3,2,5,70.0,72.3404255319149,71.1340206185567,71.17021276595746,0.7472340425531915,0.7142857142857143
269,rt_std + omission_rate + commission_rate + d_prime + v + a + t,4,3,7,70.0,72.3404255319149,71.1340206185567,71.17021276595746,0.7434042553191489,0.7142857142857143
270,omission_rate + commission_rate + v + a,2,2,4,70.0,72.3404255319149,71.1340206185567,71.17021276595746,0.7417021276595746,0.7142857142857143
271,accuracy + omission_rate + commission_rate + v + a,3,2,5,70.0,72.3404255319149,71.1340206185567,71.17021276595746,0.7393617021276595,0.7142857142857143
272,rt_std + accuracy + d_prime + v + a + t,3,3,6,70.0,72.3404255319149,71.1340206185567,71.17021276595746,0.7355319148936169,0.7142857142857143
273,rt_mean + omission_rate + v + a + t,2,3,5,70.0,72.3404255319149,71.1340206185567,71.17021276595746,0.7323404255319149,0.7142857142857143
274,accuracy + v + a + t,1,3,4,70.0,72.3404255319149,71.1340206185567,71.17021276595746,0.7297872340425532,0.7142857142857143
275,rt_mean + accuracy + omission_rate + commission_rate + v + t,4,2,6,72.0,70.2127659574468,71.1340206185567,71.1063829787234,0.7702127659574467,0.72
276,rt_mean + omission_rate + commission_rate + v + a + t,3,3,6,72.0,70.2127659574468,71.1340206185567,71.1063829787234,0.7668085106382978,0.72
277,rt_mean + accuracy + omission_rate + commission_rate + v + a + t,4,3,7,72.0,70.2127659574468,71.1340206185567,71.1063829787234,0.7653191489361703,0.72
278,rt_mean + accuracy + commission_rate + v + a + t,3,3,6,72.0,70.2127659574468,71.1340206185567,71.1063829787234,0.7553191489361702,0.72
279,rt_mean + d_prime + v + t,2,2,4,72.0,70.2127659574468,71.1340206185567,71.1063829787234,0.7423404255319148,0.72
280,commission_rate + v + a,1,2,3,72.0,70.2127659574468,71.1340206185567,71.1063829787234,0.723404255319149,0.72
281,commission_rate + v,1,1,2,72.0,70.2127659574468,71.1340206185567,71.1063829787234,0.7140425531914893,0.72
282,rt_mean + rt_std + a + t,2,2,4,76.0,65.95744680851064,71.1340206185567,70.97872340425532,0.7451063829787232,0.7307692307692307
283,omission_rate + t,1,1,2,76.0,65.95744680851064,71.1340206185567,70.97872340425532,0.7280851063829787,0.7307692307692307
284,rt_mean + a + t,1,2,3,78.0,63.829787234042556,71.1340206185567,70.91489361702128,0.7336170212765957,0.7358490566037735
285,a + t,0,2,2,78.0,63.829787234042556,71.1340206185567,70.91489361702128,0.7153191489361702,0.7358490566037735
286,rt_mean + accuracy + omission_rate,3,0,3,62.0,78.72340425531915,70.10309278350515,70.36170212765957,0.7880851063829787,0.6813186813186813
287,rt_mean + omission_rate + d_prime,3,0,3,62.0,78.72340425531915,70.10309278350515,70.36170212765957,0.768936170212766,0.6813186813186813
288,rt_mean + rt_std + omission_rate + d_prime,4,0,4,62.0,78.72340425531915,70.10309278350515,70.36170212765957,0.7429787234042554,0.6813186813186813
289,rt_mean + rt_std + accuracy + omission_rate + a,4,1,5,64.0,76.59574468085107,70.10309278350515,70.29787234042553,0.7793617021276597,0.6881720430107527
290,rt_mean + rt_std + accuracy + omission_rate,4,0,4,64.0,76.59574468085107,70.10309278350515,70.29787234042553,0.7778723404255319,0.6881720430107527
291,rt_mean + rt_std + accuracy + omission_rate + d_prime + v,5,1,6,64.0,76.59574468085107,70.10309278350515,70.29787234042553,0.758723404255319,0.6881720430107527
292,rt_mean + accuracy + v,2,1,3,64.0,76.59574468085107,70.10309278350515,70.29787234042553,0.7536170212765958,0.6881720430107527
293,commission_rate + d_prime + t,2,1,3,64.0,76.59574468085107,70.10309278350515,70.29787234042553,0.7523404255319149,0.6881720430107527
294,rt_mean + rt_std + omission_rate + d_prime + v,4,1,5,64.0,76.59574468085107,70.10309278350515,70.29787234042553,0.7459574468085106,0.6881720430107527
295,rt_std + accuracy + omission_rate + t,3,1,4,66.0,74.46808510638297,70.10309278350515,70.23404255319149,0.7736170212765957,0.6947368421052632
296,rt_mean + omission_rate + commission_rate + v,3,1,4,66.0,74.46808510638297,70.10309278350515,70.23404255319149,0.7659574468085106,0.6947368421052632
297,rt_mean + rt_std + omission_rate + d_prime + v + t,4,2,6,66.0,74.46808510638297,70.10309278350515,70.23404255319149,0.7655319148936169,0.6947368421052632
298,rt_std + accuracy + omission_rate + commission_rate + d_prime + t,5,1,6,66.0,74.46808510638297,70.10309278350515,70.23404255319149,0.7646808510638298,0.6947368421052632
299,rt_std + accuracy + omission_rate + commission_rate + d_prime + a + t,5,2,7,66.0,74.46808510638297,70.10309278350515,70.23404255319149,0.7642553191489362,0.6947368421052632
300,rt_std + accuracy + omission_rate + d_prime + a + t,4,2,6,66.0,74.46808510638297,70.10309278350515,70.23404255319149,0.7629787234042554,0.6947368421052632
301,rt_mean + rt_std + accuracy + v + a,3,2,5,66.0,74.46808510638297,70.10309278350515,70.23404255319149,0.7595744680851063,0.6947368421052632
302,rt_std + commission_rate + d_prime + a + t,3,2,5,66.0,74.46808510638297,70.10309278350515,70.23404255319149,0.7591489361702128,0.6947368421052632
303,accuracy + omission_rate + d_prime + a + t,3,2,5,66.0,74.46808510638297,70.10309278350515,70.23404255319149,0.757872340425532,0.6947368421052632
304,rt_mean + rt_std + omission_rate + d_prime + v + a + t,4,3,7,66.0,74.46808510638297,70.10309278350515,70.23404255319149,0.7551063829787233,0.6947368421052632
305,rt_mean + rt_std + accuracy + omission_rate + commission_rate + d_prime + v + a,6,2,8,66.0,74.46808510638297,70.10309278350515,70.23404255319149,0.7538297872340426,0.6947368421052632
306,accuracy + t,1,1,2,66.0,74.46808510638297,70.10309278350515,70.23404255319149,0.7538297872340425,0.6947368421052632
307,omission_rate + commission_rate + v + t,2,2,4,66.0,74.46808510638297,70.10309278350515,70.23404255319149,0.753191489361702,0.6947368421052632
308,commission_rate + a,1,1,2,66.0,74.46808510638297,70.10309278350515,70.23404255319149,0.7489361702127659,0.6947368421052632
309,rt_mean + accuracy + omission_rate + v + a,3,2,5,66.0,74.46808510638297,70.10309278350515,70.23404255319149,0.7489361702127659,0.6947368421052632
310,rt_std + accuracy + omission_rate + commission_rate + d_prime + a,5,1,6,66.0,74.46808510638297,70.10309278350515,70.23404255319149,0.7480851063829786,0.6947368421052632
311,rt_mean + accuracy + d_prime + v,3,1,4,66.0,74.46808510638297,70.10309278350515,70.23404255319149,0.7442553191489362,0.6947368421052632
312,accuracy + v + t,1,2,3,66.0,74.46808510638297,70.10309278350515,70.23404255319149,0.7361702127659574,0.6947368421052632
313,rt_mean + omission_rate + d_prime + v + a,3,2,5,66.0,74.46808510638297,70.10309278350515,70.23404255319149,0.7297872340425532,0.6947368421052632
314,rt_mean + rt_std + accuracy + omission_rate + v + a + t,4,3,7,68.0,72.3404255319149,70.10309278350515,70.17021276595744,0.7727659574468085,0.7010309278350515
315,rt_std + accuracy + v + t,2,2,4,68.0,72.3404255319149,70.10309278350515,70.17021276595744,0.7680851063829788,0.7010309278350515
316,rt_std + accuracy + commission_rate + d_prime + a + t,4,2,6,68.0,72.3404255319149,70.10309278350515,70.17021276595744,0.7646808510638298,0.7010309278350515
317,rt_std + accuracy + omission_rate + commission_rate + v + t,4,2,6,68.0,72.3404255319149,70.10309278350515,70.17021276595744,0.7625531914893617,0.7010309278350515
318,accuracy + omission_rate + commission_rate + d_prime + v + t,4,2,6,68.0,72.3404255319149,70.10309278350515,70.17021276595744,0.7548936170212766,0.7010309278350515
319,rt_mean + rt_std + commission_rate + v + t,3,2,5,68.0,72.3404255319149,70.10309278350515,70.17021276595744,0.7546808510638298,0.7010309278350515
320,rt_std + omission_rate + commission_rate + d_prime + v + t,4,2,6,68.0,72.3404255319149,70.10309278350515,70.17021276595744,0.7527659574468085,0.7010309278350515
321,accuracy + omission_rate + v + a + t,2,3,5,68.0,72.3404255319149,70.10309278350515,70.17021276595744,0.7493617021276595,0.7010309278350515
322,rt_std + accuracy + commission_rate + d_prime + v + t,4,2,6,68.0,72.3404255319149,70.10309278350515,70.17021276595744,0.7489361702127659,0.7010309278350515
323,rt_std + accuracy + omission_rate + d_prime + v + t,4,2,6,68.0,72.3404255319149,70.10309278350515,70.17021276595744,0.7485106382978725,0.7010309278350515
324,rt_std + commission_rate,2,0,2,68.0,72.3404255319149,70.10309278350515,70.17021276595744,0.7480851063829785,0.7010309278350515
325,rt_std + accuracy + omission_rate + d_prime + v + a + t,4,3,7,68.0,72.3404255319149,70.10309278350515,70.17021276595744,0.7442553191489362,0.7010309278350515
326,rt_std + commission_rate + v,2,1,3,68.0,72.3404255319149,70.10309278350515,70.17021276595744,0.743404255319149,0.7010309278350515
327,rt_std + omission_rate + commission_rate + v + a,3,2,5,68.0,72.3404255319149,70.10309278350515,70.17021276595744,0.7429787234042553,0.7010309278350515
328,rt_std + accuracy + omission_rate + commission_rate + v + a,4,2,6,68.0,72.3404255319149,70.10309278350515,70.17021276595744,0.742127659574468,0.7010309278350515
329,rt_std + commission_rate + v + a,2,2,4,68.0,72.3404255319149,70.10309278350515,70.17021276595744,0.738723404255319,0.7010309278350515
330,rt_mean + commission_rate + v + t,2,2,4,68.0,72.3404255319149,70.10309278350515,70.17021276595744,0.7348936170212765,0.7010309278350515
331,rt_std + accuracy + commission_rate + v + a,3,2,5,68.0,72.3404255319149,70.10309278350515,70.17021276595744,0.7340425531914893,0.7010309278350515
332,rt_mean + commission_rate + v + a + t,2,3,5,68.0,72.3404255319149,70.10309278350515,70.17021276595744,0.7323404255319149,0.7010309278350515
333,accuracy + omission_rate + d_prime + v + a + t,3,3,6,68.0,72.3404255319149,70.10309278350515,70.17021276595744,0.7314893617021277,0.7010309278350515
334,accuracy + omission_rate + commission_rate + d_prime + v + a,4,2,6,68.0,72.3404255319149,70.10309278350515,70.17021276595744,0.7225531914893617,0.7010309278350515
335,rt_std + accuracy + commission_rate + d_prime + v + a,4,2,6,68.0,72.3404255319149,70.10309278350515,70.17021276595744,0.7182978723404255,0.7010309278350515
336,rt_std + commission_rate + d_prime + v + a,3,2,5,68.0,72.3404255319149,70.10309278350515,70.17021276595744,0.7148936170212765,0.7010309278350515
337,rt_std + commission_rate + a + t,2,2,4,70.0,70.2127659574468,70.10309278350515,70.1063829787234,0.76,0.7070707070707071
338,rt_std + accuracy + omission_rate + commission_rate + v + a + t,4,3,7,70.0,70.2127659574468,70.10309278350515,70.1063829787234,0.7540425531914894,0.7070707070707071
339,rt_mean + omission_rate + d_prime + v + t,3,2,5,70.0,70.2127659574468,70.10309278350515,70.1063829787234,0.7531914893617021,0.7070707070707071
340,rt_mean + rt_std + commission_rate + v + a,3,2,5,70.0,70.2127659574468,70.10309278350515,70.1063829787234,0.7514893617021275,0.7070707070707071
341,rt_mean + rt_std + omission_rate,3,0,3,70.0,70.2127659574468,70.10309278350515,70.1063829787234,0.75,0.7070707070707071
342,rt_std + accuracy + omission_rate + commission_rate + d_prime + v + a + t,5,3,8,70.0,70.2127659574468,70.10309278350515,70.1063829787234,0.7442553191489362,0.7070707070707071
343,rt_std + accuracy + commission_rate + d_prime + v + a + t,4,3,7,70.0,70.2127659574468,70.10309278350515,70.1063829787234,0.7399999999999999,0.7070707070707071
344,omission_rate + commission_rate + v + a + t,2,3,5,70.0,70.2127659574468,70.10309278350515,70.1063829787234,0.7374468085106383,0.7070707070707071
345,rt_std + commission_rate + d_prime + v + a + t,3,3,6,70.0,70.2127659574468,70.10309278350515,70.1063829787234,0.7353191489361702,0.7070707070707071
346,accuracy + omission_rate + commission_rate + d_prime + v + a + t,4,3,7,70.0,70.2127659574468,70.10309278350515,70.1063829787234,0.7331914893617021,0.7070707070707071
347,rt_mean + rt_std + commission_rate,3,0,3,72.0,68.08510638297872,70.10309278350515,70.04255319148936,0.7497872340425532,0.7128712871287128
348,accuracy + omission_rate + commission_rate + v + a + t,3,3,6,72.0,68.08510638297872,70.10309278350515,70.04255319148936,0.7391489361702127,0.7128712871287128
349,rt_mean + rt_std + v + t,2,2,4,72.0,68.08510638297872,70.10309278350515,70.04255319148936,0.7159574468085106,0.7128712871287128
350,rt_mean + rt_std + v + a + t,2,3,5,74.0,65.95744680851064,70.10309278350515,69.97872340425532,0.72,0.7184466019417476
351,rt_mean + rt_std + a,2,1,3,76.0,63.829787234042556,70.10309278350515,69.91489361702128,0.7434042553191489,0.7238095238095238
352,d_prime,1,0,1,57.99999999999999,80.85106382978722,69.0721649484536,69.42553191489361,0.7191489361702128,0.6590909090909091
353,rt_mean + accuracy,2,0,2,62.0,76.59574468085107,69.0721649484536,69.29787234042553,0.7804255319148937,0.6739130434782609
354,rt_mean + accuracy + d_prime,3,0,3,62.0,76.59574468085107,69.0721649484536,69.29787234042553,0.7676595744680851,0.6739130434782609
355,accuracy + a,1,1,2,62.0,76.59574468085107,69.0721649484536,69.29787234042553,0.7563829787234042,0.6739130434782609
356,rt_mean + rt_std + omission_rate + d_prime + a,4,1,5,62.0,76.59574468085107,69.0721649484536,69.29787234042553,0.7561702127659574,0.6739130434782609
357,rt_mean + rt_std + d_prime,3,0,3,62.0,76.59574468085107,69.0721649484536,69.29787234042553,0.7429787234042553,0.6739130434782609
358,accuracy + omission_rate + a + t,2,2,4,64.0,74.46808510638297,69.0721649484536,69.23404255319149,0.7859574468085105,0.6808510638297872
359,accuracy + omission_rate + v + t,2,2,4,64.0,74.46808510638297,69.0721649484536,69.23404255319149,0.7591489361702127,0.6808510638297872
360,rt_mean + accuracy + omission_rate + d_prime + v,4,1,5,64.0,74.46808510638297,69.0721649484536,69.23404255319149,0.7570212765957447,0.6808510638297872
361,rt_mean + rt_std + accuracy + d_prime + v,4,1,5,64.0,74.46808510638297,69.0721649484536,69.23404255319149,0.7553191489361701,0.6808510638297872
362,rt_std + commission_rate + t,2,1,3,64.0,74.46808510638297,69.0721649484536,69.23404255319149,0.7440425531914894,0.6808510638297872
363,rt_mean + commission_rate,2,0,2,64.0,74.46808510638297,69.0721649484536,69.23404255319149,0.7372340425531915,0.6808510638297872
364,omission_rate + commission_rate + v,2,1,3,66.0,72.3404255319149,69.0721649484536,69.17021276595744,0.7727659574468084,0.6875
365,rt_std + accuracy + d_prime + a + t,3,2,5,66.0,72.3404255319149,69.0721649484536,69.17021276595744,0.7595744680851064,0.6875
366,rt_mean + rt_std + d_prime + v,3,1,4,66.0,72.3404255319149,69.0721649484536,69.17021276595744,0.7497872340425532,0.6875
367,rt_std + accuracy + omission_rate + d_prime + t,4,1,5,66.0,72.3404255319149,69.0721649484536,69.17021276595744,0.7472340425531915,0.6875
368,rt_std + omission_rate + d_prime + v + a + t,3,3,6,66.0,72.3404255319149,69.0721649484536,69.17021276595744,0.743404255319149,0.6875
369,commission_rate + a + t,1,2,3,66.0,72.3404255319149,69.0721649484536,69.17021276595744,0.7425531914893617,0.6875
370,rt_mean + rt_std + omission_rate + v + t,3,2,5,66.0,72.3404255319149,69.0721649484536,69.17021276595744,0.7387234042553191,0.6875
371,accuracy + commission_rate + d_prime + v + t,3,2,5,66.0,72.3404255319149,69.0721649484536,69.17021276595744,0.7336170212765957,0.6875
372,omission_rate + d_prime + v + a + t,2,3,5,66.0,72.3404255319149,69.0721649484536,69.17021276595744,0.7314893617021277,0.6875
373,omission_rate + d_prime + v + t,2,2,4,66.0,72.3404255319149,69.0721649484536,69.17021276595744,0.7280851063829787,0.6875
374,accuracy + d_prime + v + a + t,2,3,5,66.0,72.3404255319149,69.0721649484536,69.17021276595744,0.7144680851063829,0.6875
375,omission_rate + commission_rate + d_prime + v + t,3,2,5,68.0,70.2127659574468,69.0721649484536,69.1063829787234,0.7463829787234043,0.6938775510204082
376,rt_std + accuracy + d_prime + v + t,3,2,5,68.0,70.2127659574468,69.0721649484536,69.1063829787234,0.7425531914893617,0.6938775510204082
377,rt_std + d_prime + v + a + t,2,3,5,68.0,70.2127659574468,69.0721649484536,69.1063829787234,0.7361702127659574,0.6938775510204082
378,accuracy + commission_rate + d_prime + v + a + t,3,3,6,68.0,70.2127659574468,69.0721649484536,69.1063829787234,0.7204255319148936,0.6938775510204082
379,commission_rate + d_prime + v + a + t,2,3,5,68.0,70.2127659574468,69.0721649484536,69.1063829787234,0.7119148936170212,0.6938775510204082
380,rt_std + omission_rate + t,2,1,3,70.0,68.08510638297872,69.0721649484536,69.04255319148935,0.754468085106383,0.7
381,omission_rate + commission_rate + d_prime + v + a + t,3,3,6,70.0,68.08510638297872,69.0721649484536,69.04255319148935,0.7306382978723404,0.7
382,rt_std + omission_rate + a + t,2,2,4,72.0,65.95744680851064,69.0721649484536,68.97872340425532,0.7625531914893616,0.7058823529411765
383,rt_mean + rt_std + t,2,1,3,72.0,65.95744680851064,69.0721649484536,68.97872340425532,0.7451063829787234,0.7058823529411765
384,rt_std + d_prime + v + t,2,2,4,72.0,65.95744680851064,69.0721649484536,68.97872340425532,0.7336170212765957,0.7058823529411765
385,rt_mean + rt_std + v + a,2,2,4,74.0,63.829787234042556,69.0721649484536,68.91489361702128,0.6953191489361702,0.7115384615384616
386,rt_std + v + t,1,2,3,80.0,57.446808510638306,69.0721649484536,68.72340425531915,0.6795744680851062,0.7272727272727273
387,accuracy,1,0,1,56.00000000000001,80.85106382978722,68.04123711340206,68.42553191489363,0.7497872340425532,0.6436781609195402
388,accuracy + d_prime,2,0,2,56.00000000000001,80.85106382978722,68.04123711340206,68.42553191489363,0.7404255319148936,0.6436781609195402
389,accuracy + omission_rate + d_prime + v,3,1,4,57.99999999999999,78.72340425531915,68.04123711340206,68.36170212765957,0.7370212765957447,0.651685393258427
390,rt_std + accuracy + d_prime,3,0,3,57.99999999999999,78.72340425531915,68.04123711340206,68.36170212765957,0.7327659574468085,0.651685393258427
391,rt_std + d_prime,2,0,2,57.99999999999999,78.72340425531915,68.04123711340206,68.36170212765957,0.7223404255319149,0.651685393258427
392,rt_mean + rt_std + accuracy + omission_rate + d_prime + a,5,1,6,60.0,76.59574468085107,68.04123711340206,68.29787234042553,0.7642553191489361,0.6593406593406593
393,rt_mean + rt_std + accuracy + d_prime + a,4,1,5,60.0,76.59574468085107,68.04123711340206,68.29787234042553,0.762127659574468,0.6593406593406593
394,rt_std + accuracy + v,2,1,3,60.0,76.59574468085107,68.04123711340206,68.29787234042553,0.7523404255319149,0.6593406593406593
395,rt_std + accuracy,2,0,2,60.0,76.59574468085107,68.04123711340206,68.29787234042553,0.7497872340425531,0.6593406593406593
396,rt_mean + rt_std + accuracy + d_prime + v + a,4,2,6,60.0,76.59574468085107,68.04123711340206,68.29787234042553,0.7370212765957448,0.6593406593406593
397,rt_std + accuracy + d_prime + v,3,1,4,60.0,76.59574468085107,68.04123711340206,68.29787234042553,0.7357446808510638,0.6593406593406593
398,accuracy + v,1,1,2,62.0,74.46808510638297,68.04123711340206,68.23404255319149,0.7510638297872341,0.6666666666666666
399,rt_mean + omission_rate + d_prime + v,3,1,4,62.0,74.46808510638297,68.04123711340206,68.23404255319149,0.7442553191489362,0.6666666666666666
400,rt_std + accuracy + omission_rate + v + a + t,3,3,6,64.0,72.3404255319149,68.04123711340206,68.17021276595744,0.7608510638297873,0.6736842105263158
401,rt_std + omission_rate + d_prime + t,3,1,4,64.0,72.3404255319149,68.04123711340206,68.17021276595744,0.7442553191489362,0.6736842105263158
402,rt_std + d_prime + t,2,1,3,64.0,72.3404255319149,68.04123711340206,68.17021276595744,0.7393617021276596,0.6736842105263158
403,d_prime + a,1,1,2,64.0,72.3404255319149,68.04123711340206,68.17021276595744,0.7348936170212765,0.6736842105263158
404,rt_std + accuracy + omission_rate + commission_rate + d_prime + v + t,5,2,7,66.0,70.2127659574468,68.04123711340206,68.1063829787234,0.7591489361702127,0.6804123711340206
405,rt_std + omission_rate + commission_rate + v + a + t,3,3,6,66.0,70.2127659574468,68.04123711340206,68.1063829787234,0.7525531914893617,0.6804123711340206
406,rt_std + accuracy + commission_rate + v + t,3,2,5,66.0,70.2127659574468,68.04123711340206,68.1063829787234,0.7519148936170212,0.6804123711340206
407,rt_mean + omission_rate + d_prime + v + a + t,3,3,6,66.0,70.2127659574468,68.04123711340206,68.1063829787234,0.7512765957446808,0.6804123711340206
408,rt_mean + accuracy + omission_rate + d_prime + v + a,4,2,6,66.0,70.2127659574468,68.04123711340206,68.1063829787234,0.7425531914893617,0.6804123711340206
409,rt_mean + d_prime + v,2,1,3,66.0,70.2127659574468,68.04123711340206,68.1063829787234,0.7404255319148937,0.6804123711340206
410,rt_std + commission_rate + d_prime + v + t,3,2,5,66.0,70.2127659574468,68.04123711340206,68.1063829787234,0.7370212765957447,0.6804123711340206
411,rt_mean + accuracy + d_prime + v + a,3,2,5,66.0,70.2127659574468,68.04123711340206,68.1063829787234,0.7348936170212766,0.6804123711340206
412,omission_rate + v + a + t,1,3,4,66.0,70.2127659574468,68.04123711340206,68.1063829787234,0.7263829787234043,0.6804123711340206
413,rt_std + omission_rate + v + a + t,2,3,5,66.0,70.2127659574468,68.04123711340206,68.1063829787234,0.7255319148936171,0.6804123711340206
414,rt_std + accuracy + commission_rate + v + a + t,3,3,6,68.0,68.08510638297872,68.04123711340206,68.04255319148936,0.7480851063829786,0.6868686868686869
415,rt_mean + omission_rate + v + t,2,2,4,68.0,68.08510638297872,68.04123711340206,68.04255319148936,0.7342553191489362,0.6868686868686869
416,accuracy + commission_rate + v + a + t,2,3,5,68.0,68.08510638297872,68.04123711340206,68.04255319148936,0.7314893617021276,0.6868686868686869
417,omission_rate + a + t,1,2,3,70.0,65.95744680851064,68.04123711340206,67.97872340425532,0.7608510638297873,0.693069306930693
418,rt_std + a + t,1,2,3,70.0,65.95744680851064,68.04123711340206,67.97872340425532,0.7419148936170213,0.693069306930693
419,rt_std + t,1,1,2,78.0,57.446808510638306,68.04123711340206,67.72340425531915,0.6940425531914892,0.7155963302752294
420,accuracy + omission_rate + d_prime,3,0,3,52.0,82.97872340425532,67.0103092783505,67.48936170212765,0.7510638297872341,0.6190476190476191
421,rt_std + accuracy + omission_rate,3,0,3,54.0,80.85106382978722,67.0103092783505,67.42553191489363,0.7485106382978723,0.627906976744186
422,rt_std + accuracy + omission_rate + d_prime,4,0,4,54.0,80.85106382978722,67.0103092783505,67.42553191489363,0.7336170212765958,0.627906976744186
423,accuracy + omission_rate,2,0,2,56.00000000000001,78.72340425531915,67.0103092783505,67.36170212765957,0.756595744680851,0.6363636363636364
424,omission_rate + d_prime + v,2,1,3,56.00000000000001,78.72340425531915,67.0103092783505,67.36170212765957,0.7223404255319149,0.6363636363636364
425,rt_std + omission_rate + d_prime + v,3,1,4,56.00000000000001,78.72340425531915,67.0103092783505,67.36170212765957,0.7217021276595744,0.6363636363636364
426,rt_std + accuracy + a,2,1,3,57.99999999999999,76.59574468085107,67.0103092783505,67.29787234042553,0.7472340425531915,0.6444444444444445
427,accuracy + d_prime + v,2,1,3,57.99999999999999,76.59574468085107,67.0103092783505,67.29787234042553,0.7391489361702127,0.6444444444444445
428,rt_mean + rt_std + omission_rate + d_prime + v + a,4,2,6,57.99999999999999,76.59574468085107,67.0103092783505,67.29787234042553,0.7391489361702127,0.6444444444444445
429,rt_std + accuracy + omission_rate + d_prime + a,4,1,5,57.99999999999999,76.59574468085107,67.0103092783505,67.29787234042553,0.7161702127659576,0.6444444444444445
430,rt_mean + accuracy + omission_rate + v,3,1,4,60.0,74.46808510638297,67.0103092783505,67.23404255319149,0.7544680851063831,0.6521739130434783
431,accuracy + omission_rate + d_prime + t,3,1,4,60.0,74.46808510638297,67.0103092783505,67.23404255319149,0.7468085106382978,0.6521739130434783
432,rt_mean + rt_std + accuracy + omission_rate + d_prime + v + a,5,2,7,60.0,74.46808510638297,67.0103092783505,67.23404255319149,0.7463829787234042,0.6521739130434783
433,rt_std + accuracy + d_prime + a,3,1,4,60.0,74.46808510638297,67.0103092783505,67.23404255319149,0.7157446808510638,0.6521739130434783
434,accuracy + omission_rate + t,2,1,3,62.0,72.3404255319149,67.0103092783505,67.17021276595744,0.7727659574468085,0.6595744680851063
435,rt_mean + rt_std + omission_rate + a,3,1,4,62.0,72.3404255319149,67.0103092783505,67.17021276595744,0.7646808510638298,0.6595744680851063
436,omission_rate + d_prime + t,2,1,3,62.0,72.3404255319149,67.0103092783505,67.17021276595744,0.7434042553191489,0.6595744680851063
437,rt_std + d_prime + v,2,1,3,62.0,72.3404255319149,67.0103092783505,67.17021276595744,0.7165957446808511,0.6595744680851063
438,rt_mean + d_prime + v + a,2,2,4,64.0,70.2127659574468,67.0103092783505,67.1063829787234,0.7408510638297873,0.6666666666666666
439,rt_mean + rt_std + omission_rate + v,3,1,4,64.0,70.2127659574468,67.0103092783505,67.1063829787234,0.7263829787234043,0.6666666666666666
440,commission_rate + d_prime + v + t,2,2,4,66.0,68.08510638297872,67.0103092783505,67.04255319148936,0.727659574468085,0.673469387755102
441,d_prime + v + a + t,1,3,4,66.0,68.08510638297872,67.0103092783505,67.04255319148936,0.7204255319148937,0.673469387755102
442,accuracy + d_prime + v + t,2,2,4,66.0,68.08510638297872,67.0103092783505,67.04255319148936,0.711063829787234,0.673469387755102
443,rt_mean + rt_std,2,0,2,70.0,63.829787234042556,67.0103092783505,66.91489361702128,0.7093617021276596,0.6862745098039216
444,rt_std + v + a + t,1,3,4,70.0,63.829787234042556,67.0103092783505,66.91489361702128,0.7051063829787234,0.6862745098039216
445,rt_std + omission_rate + v + t,2,2,4,72.0,61.702127659574465,67.0103092783505,66.85106382978722,0.7361702127659575,0.6923076923076923
446,omission_rate + v + t,1,2,3,72.0,61.702127659574465,67.0103092783505,66.85106382978722,0.7353191489361701,0.6923076923076923
447,rt_mean + v + a + t,1,3,4,72.0,61.702127659574465,67.0103092783505,66.85106382978722,0.7038297872340425,0.6923076923076923
448,rt_mean + t,1,1,2,76.0,57.446808510638306,67.0103092783505,66.72340425531915,0.7063829787234042,0.7037037037037037
449,v + t,0,2,2,76.0,57.446808510638306,67.0103092783505,66.72340425531915,0.6651063829787234,0.7037037037037037
450,omission_rate + d_prime,2,0,2,50.0,82.97872340425532,65.97938144329896,66.48936170212765,0.7446808510638298,0.6024096385542169
451,accuracy + omission_rate + v,2,1,3,52.0,80.85106382978722,65.97938144329896,66.42553191489363,0.7459574468085107,0.611764705882353
452,accuracy + omission_rate + a,2,1,3,56.00000000000001,76.59574468085107,65.97938144329896,66.29787234042553,0.7548936170212766,0.6292134831460674
453,rt_std + accuracy + omission_rate + d_prime + v,4,1,5,56.00000000000001,76.59574468085107,65.97938144329896,66.29787234042553,0.7368085106382979,0.6292134831460674
454,rt_std + omission_rate + d_prime + a,3,1,4,56.00000000000001,76.59574468085107,65.97938144329896,66.29787234042553,0.7076595744680851,0.6292134831460674
455,accuracy + omission_rate + d_prime + a,3,1,4,57.99999999999999,74.46808510638297,65.97938144329896,66.23404255319149,0.734468085106383,0.6373626373626373
456,omission_rate + d_prime + a,2,1,3,57.99999999999999,74.46808510638297,65.97938144329896,66.23404255319149,0.7236170212765958,0.6373626373626373
457,rt_std + d_prime + a,2,1,3,57.99999999999999,74.46808510638297,65.97938144329896,66.23404255319149,0.7148936170212766,0.6373626373626373
458,accuracy + v + a,1,2,3,57.99999999999999,74.46808510638297,65.97938144329896,66.23404255319149,0.7074468085106383,0.6373626373626373
459,accuracy + d_prime + a,2,1,3,60.0,72.3404255319149,65.97938144329896,66.17021276595744,0.7359574468085106,0.6451612903225806
460,rt_std + accuracy + d_prime + t,3,1,4,60.0,72.3404255319149,65.97938144329896,66.17021276595744,0.7336170212765958,0.6451612903225806
461,d_prime + v,1,1,2,60.0,72.3404255319149,65.97938144329896,66.17021276595744,0.723404255319149,0.6451612903225806
462,omission_rate + d_prime + v + a,2,2,4,60.0,72.3404255319149,65.97938144329896,66.17021276595744,0.6787234042553191,0.6451612903225806
463,accuracy + commission_rate + v + t,2,2,4,62.0,70.2127659574468,65.97938144329896,66.1063829787234,0.7340425531914894,0.6526315789473685
464,accuracy + d_prime + t,2,1,3,62.0,70.2127659574468,65.97938144329896,66.1063829787234,0.7340425531914893,0.6526315789473685
465,rt_std + commission_rate + v + a + t,2,3,5,64.0,68.08510638297872,65.97938144329896,66.04255319148936,0.7314893617021277,0.6597938144329897
466,rt_std + commission_rate + v + t,2,2,4,64.0,68.08510638297872,65.97938144329896,66.04255319148936,0.7263829787234042,0.6597938144329897
467,commission_rate + v + a + t,1,3,4,64.0,68.08510638297872,65.97938144329896,66.04255319148936,0.705531914893617,0.6597938144329897
468,commission_rate + v + t,1,2,3,64.0,68.08510638297872,65.97938144329896,66.04255319148936,0.7004255319148937,0.6597938144329897
469,d_prime + v + t,1,2,3,64.0,68.08510638297872,65.97938144329896,66.04255319148936,0.6963829787234044,0.6597938144329897
470,rt_mean + rt_std + v,2,1,3,66.0,65.95744680851064,65.97938144329896,65.97872340425532,0.6940425531914893,0.6666666666666666
471,v + a + t,0,3,3,68.0,63.829787234042556,65.97938144329896,65.91489361702128,0.6791489361702127,0.6732673267326733
472,rt_mean + v + t,1,2,3,70.0,61.702127659574465,65.97938144329896,65.85106382978722,0.6914893617021276,0.6796116504854369
473,rt_std + accuracy + omission_rate + v,3,1,4,52.0,78.72340425531915,64.94845360824742,65.36170212765957,0.7485106382978723,0.6046511627906976
474,rt_std + accuracy + omission_rate + a,3,1,4,52.0,78.72340425531915,64.94845360824742,65.36170212765957,0.7419148936170212,0.6046511627906976
475,rt_mean + omission_rate + v + a,2,2,4,56.00000000000001,74.46808510638297,64.94845360824742,65.2340425531915,0.7110638297872341,0.6222222222222222
476,rt_std + d_prime + v + a,2,2,4,56.00000000000001,74.46808510638297,64.94845360824742,65.2340425531915,0.6897872340425532,0.6222222222222222
477,rt_mean + rt_std + omission_rate + v + a,3,2,5,57.99999999999999,72.3404255319149,64.94845360824742,65.17021276595744,0.7204255319148936,0.6304347826086957
478,d_prime + t,1,1,2,60.0,70.2127659574468,64.94845360824742,65.1063829787234,0.7238297872340426,0.6382978723404256
479,rt_mean + commission_rate + v,2,1,3,60.0,70.2127659574468,64.94845360824742,65.1063829787234,0.7102127659574468,0.6382978723404256
480,accuracy + omission_rate + d_prime + v + a,3,2,5,62.0,68.08510638297872,64.94845360824742,65.04255319148936,0.6902127659574468,0.6458333333333334
481,d_prime + v + a,1,2,3,62.0,68.08510638297872,64.94845360824742,65.04255319148936,0.671063829787234,0.6458333333333334
482,t,0,1,1,76.0,53.191489361702125,64.94845360824742,64.59574468085107,0.6642553191489362,0.6909090909090909
483,rt_mean + omission_rate,2,0,2,52.0,76.59574468085107,63.91752577319587,64.29787234042553,0.7319148936170212,0.5977011494252874
484,rt_std + omission_rate + d_prime,3,0,3,52.0,76.59574468085107,63.91752577319587,64.29787234042553,0.7165957446808511,0.5977011494252874
485,rt_std + accuracy + v + a,2,2,4,54.0,74.46808510638297,63.91752577319587,64.2340425531915,0.7117021276595745,0.6067415730337079
486,rt_std + accuracy + omission_rate + d_prime + v + a,4,2,6,56.00000000000001,72.3404255319149,63.91752577319587,64.17021276595744,0.7038297872340425,0.6153846153846154
487,omission_rate + a,1,1,2,40.0,87.2340425531915,62.88659793814433,63.61702127659574,0.6987234042553191,0.5263157894736842
488,omission_rate,1,0,1,42.0,85.1063829787234,62.88659793814433,63.5531914893617,0.6863829787234043,0.5384615384615384
489,rt_std + omission_rate + d_prime + v + a,3,2,5,54.0,72.3404255319149,62.88659793814433,63.170212765957444,0.6927659574468086,0.6
490,rt_std + accuracy + d_prime + v + a,3,2,5,56.00000000000001,70.2127659574468,62.88659793814433,63.10638297872341,0.6923404255319149,0.6086956521739131
491,accuracy + d_prime + v + a,2,2,4,57.99999999999999,68.08510638297872,62.88659793814433,63.04255319148936,0.6761702127659575,0.6170212765957447
492,rt_mean + a,1,1,2,62.0,63.829787234042556,62.88659793814433,62.91489361702127,0.5374468085106383,0.6326530612244898
493,rt_mean + v + a,1,2,3,66.0,59.57446808510638,62.88659793814433,62.787234042553195,0.6634042553191489,0.6470588235294118
494,rt_std + accuracy + omission_rate + v + a,3,2,5,50.0,74.46808510638297,61.855670103092784,62.23404255319149,0.7225531914893617,0.5747126436781609
495,accuracy + omission_rate + v + a,2,2,4,52.0,72.3404255319149,61.855670103092784,62.170212765957444,0.72,0.5842696629213483
496,rt_std + omission_rate,2,0,2,44.0,78.72340425531915,60.824742268041234,61.361702127659576,0.6778723404255319,0.5365853658536586
497,rt_std + omission_rate + v,2,1,3,46.0,76.59574468085107,60.824742268041234,61.29787234042553,0.6834042553191491,0.5476190476190477
498,rt_mean + omission_rate + v,2,1,3,52.0,70.2127659574468,60.824742268041234,61.1063829787234,0.6946808510638297,0.5777777777777777
499,rt_mean + v,1,1,2,57.99999999999999,63.829787234042556,60.824742268041234,60.91489361702127,0.5497872340425533,0.6041666666666666
500,omission_rate + v,1,1,2,38.0,82.97872340425532,59.79381443298969,60.48936170212767,0.7019148936170213,0.4935064935064935
501,rt_std,1,0,1,66.0,53.191489361702125,59.79381443298969,59.59574468085107,0.6229787234042553,0.6285714285714286
502,v,0,1,1,38.0,80.85106382978722,58.76288659793815,59.42553191489361,0.441063829787234,0.48717948717948717
503,rt_std + v + a,1,2,3,46.0,72.3404255319149,58.76288659793815,59.17021276595745,0.5093617021276595,0.5348837209302325
504,rt_mean,1,0,1,52.0,65.95744680851064,58.76288659793815,58.97872340425532,0.4668085106382979,0.5652173913043478
505,rt_std + a,1,1,2,56.00000000000001,61.702127659574465,58.76288659793815,58.85106382978724,0.6417021276595745,0.5833333333333334
506,rt_std + v,1,1,2,56.00000000000001,59.57446808510638,57.73195876288659,57.787234042553195,0.571063829787234,0.5773195876288659
507,omission_rate + v + a,1,2,3,36.0,78.72340425531915,56.70103092783505,57.361702127659576,0.6399999999999999,0.46153846153846156
508,rt_std + omission_rate + a,2,1,3,40.0,74.46808510638297,56.70103092783505,57.234042553191486,0.6927659574468085,0.4878048780487805
509,rt_std + omission_rate + v + a,2,2,4,38.0,74.46808510638297,55.670103092783506,56.234042553191486,0.6536170212765957,0.4691358024691358
510,v + a,0,2,2,26.0,78.72340425531915,51.546391752577314,52.36170212765958,0.38042553191489364,0.3561643835616438
511,a,0,1,1,68.0,27.659574468085108,48.45360824742268,47.829787234042556,0.5625531914893617,0.576271186440678
