subject,ADHD,NestedCV_Prediction,NestedCV_Probability
2.0,1,1,0.803158236229873
3.0,1,1,0.9163617841402443
4.0,1,1,0.7092155496848513
5.0,1,1,0.8380848609651051
7.0,0,0,0.18766907599244445
8.0,1,1,0.8086522101014229
9.0,0,0,0.30525682490857026
11.0,1,0,0.17620362525974792
12.0,1,1,0.7639485456907487
13.0,1,0,0.21305504498913205
14.0,1,0,0.41927190840152867
16.0,0,0,0.2407066425575626
17.0,0,0,0.4919468705573209
18.0,0,1,0.6178728268837255
19.0,1,1,0.744153631128641
20.0,1,1,0.7116822410520807
21.0,1,0,0.553805898678507
22.0,0,0,0.16393271546994892
23.0,0,1,0.7511795597952685
24.0,0,0,0.15026453255295458
25.0,0,0,0.46107522702797704
26.0,1,0,0.3389880936686437
27.0,0,1,0.7458302322196093
28.0,0,0,0.1882527932034671
29.0,1,1,0.6683671437232884
30.0,0,0,0.2311719434005273
31.0,0,0,0.2525820930906278
32.0,0,0,0.3452235185823813
33.0,0,0,0.1624644411420451
34.0,0,0,0.29627248731383504
35.0,0,0,0.30021118715955664
36.0,0,1,0.6037662521476929
37.0,0,1,0.6920615613124641
39.0,0,0,0.47543632722582413
40.0,0,1,0.5622507528838072
41.0,1,0,0.3957276929873815
42.0,0,0,0.2686756325138091
43.0,1,1,0.7575274191540996
44.0,0,0,0.25270640276583567
45.0,1,1,0.6178819680488661
46.0,0,0,0.373394308250787
47.0,0,0,0.41858632832693815
48.0,1,1,0.5693310378388349
49.0,1,0,0.2278697845484263
51.0,1,1,0.8127782547049184
52.0,1,1,0.661849528706708
53.0,0,0,0.3459639923580773
54.0,1,1,0.7325493432855953
55.0,1,0,0.19812185989561407
56.0,0,0,0.2142013489738158
57.0,1,1,0.5826227088869709
58.0,1,0,0.31109647529492074
59.0,1,0,0.5318661034526125
60.0,1,1,0.8430288377462178
61.0,0,0,0.34901695881471884
62.0,0,0,0.37836532581400917
63.0,1,0,0.3166759291172682
64.0,0,0,0.38614948139694033
65.0,1,1,0.9039335024119218
66.0,1,0,0.3687653351069789
67.0,1,1,0.8162755099417924
68.0,1,1,0.5904890259352991
69.0,0,0,0.17961942476836226
70.0,0,0,0.17641996726379092
71.0,1,1,0.5840708945507062
72.0,1,0,0.47328504146129935
73.0,0,0,0.15884127952686225
74.0,1,1,0.6701763910329063
75.0,1,1,0.6985826181352393
76.0,0,0,0.45951971450440315
77.0,1,0,0.40736363386404634
79.0,0,0,0.29108111584123875
80.0,0,0,0.3506065109257342
81.0,0,0,0.3101486484367535
82.0,0,1,0.6487710739863067
83.0,1,0,0.5114582126015722
84.0,1,1,0.7400803485505189
85.0,1,1,0.8653265830456233
87.0,1,1,0.7844765040017714
88.0,1,1,0.8168930351432147
89.0,0,0,0.358106952632579
90.0,0,1,0.7783390868360089
91.0,1,1,0.7996900269418661
92.0,1,1,0.6385648609923333
93.0,0,0,0.3425391586329209
94.0,1,1,0.6542167908966353
95.0,1,1,0.6346538257103412
96.0,0,1,0.7499928073817209
97.0,1,1,0.8423521990543535
98.0,1,0,0.29245507845890933
99.0,0,0,0.21114825258788722
100.0,1,1,0.6550638059377157
103.0,0,0,0.26166810832208853
104.0,0,1,0.7943381271501144
105.0,0,0,0.22482736804406456
106.0,0,1,0.865656015927227
108.0,1,1,0.5906860253480429
